GPS LATITUDE (degrees),GPS LONGITUDE (degrees),GPS ALTITUDE (m),GPS SPEED (Kmh),GPS ACCURACY (m),GPS ORIENTATION (Â°),GPS SATELLITES IN RANGE,TIME SINCE START (ms),DATE (YYYY-MO-DD HH-MI-SS_SSS),ACCELEROMETER X (m/s²),ACCELEROMETER Y (m/s²),ACCELEROMETER Z (m/s²),GRAVITY X (m/s²),GRAVITY Y (m/s²),GRAVITY Z (m/s²),GYROSCOPE Yaw (rad/s),GYROSCOPE Pitch (rad/s),GYROSCOPE Roll (rad/s),MAGNETIC FIELD X (Î¼T),MAGNETIC FIELD Y (Î¼T),MAGNETIC FIELD Z (Î¼T),ORIENTATION (Yaw) (Â°),ORIENTATION (Pitch) (Â°),ORIENTATION (Roll ) (Â°),accel_lateral,accel_forward,accel_vertical
52.55524,-1.471688,145.46,19.6,6,117.41,24 / 24,721109,2020-01-08 17:44:14:702,-0.1687,-0.2846,10.0584,0.0195,0.0185,9.8065,-0.0271,-0.2015,0.1056,-18.06,-34.19,14.19,325.26,-84.45,-157.77,0.1038870249182037,0.341303035882305,0.2519170175894574
52.55524,-1.471688,145.46,19.6,6,117.41,24 / 24,721210,2020-01-08 17:44:14:803,1.1332,1.2415,9.9383,0.0047,-0.0014,9.8066,-0.0486,-0.088,-0.0027,-18.19,-33.94,14.31,326.23,-84.51,-156.97,-0.7707197216389231,-1.4914157514981927,0.13163478590365932
52.55524,-1.471688,145.46,19.6,6,117.41,24 / 24,721310,2020-01-08 17:44:14:903,0.2329,-0.2462,9.7103,0.0015,0.029,9.8066,0.0832,-0.1734,0.1276,-18.12,-34.0,14.06,326.27,-84.57,-156.98,-0.2944185812328983,0.2064041359843131,-0.09627939381496094
52.55524,-1.471688,145.46,19.6,6,117.41,24 / 24,721410,2020-01-08 17:44:15:003,3.015,1.0652,9.6285,0.0021,-0.0177,9.8065,0.0348,0.2479,-0.1361,-18.56,-33.94,14.13,325.7,-84.25,-155.88,-2.6328555370450535,-1.8216200402209257,-0.17803081226775455
52.55524,-1.471688,145.46,19.6,6,117.41,24 / 24,721510,2020-01-08 17:44:15:103,0.1198,-1.2873,9.4305,0.019,0.0002,9.8065,-0.0616,-0.0653,0.0789,-18.0,-34.25,15.19,327.76,-84.14,-157.37,-0.42867734025306875,1.21824285633075,-0.3759161754336329
52.55524,-1.471688,145.46,19.6,6,117.41,24 / 24,721609,2020-01-08 17:44:15:202,-0.8726,-1.3539,10.3935,-0.006,-0.0061,9.8065,-0.0322,0.1875,-0.0586,-17.5,-33.87,15.13,330.15,-84.05,-156.69,0.4906678410621312,1.5253580138811107,0.5870752926466082
52.55524,-1.471688,145.46,19.6,6,117.41,24 / 24,721709,2020-01-08 17:44:15:302,-0.6164,-0.0461,9.5314,0.0186,-0.0025,9.8066,-0.1242,0.0092,0.0164,-18.0,-34.37,14.38,325.26,-84.07,-157.43,0.6023965982710879,0.20552702695111955,-0.2752053407622301
52.55524,-1.471688,145.46,19.6,6,117.41,24 / 24,721810,2020-01-08 17:44:15:403,1.5978,-1.5683,10.8771,0.0189,-0.0059,9.8066,-0.0764,0.0278,-0.0101,-17.69,-34.31,14.88,328.47,-84.18,-156.78,-1.9277033110671447,1.1035040379864616,1.0706203821375457
52.55524,-1.471688,145.46,19.6,6,117.41,24 / 24,721910,2020-01-08 17:44:15:503,2.3424,-0.8272,9.384,0.0021,-0.0094,9.8066,0.0279,0.0812,-0.0442,-18.06,-34.25,14.69,328.02,-84.17,-157.17,-2.471935839873093,0.18815892192827965,-0.42251758975182957
52.55524,-1.471688,145.46,19.6,6,117.41,24 / 24,722010,2020-01-08 17:44:15:603,0.4081,-1.1291,10.0577,0.0148,-0.0265,9.8065,-0.0675,0.0286,0.0115,-18.31,-34.12,14.94,327.19,-84.01,-157.76,-0.6637392570413728,0.9642737173596139,0.2512757184282604
52.55524,-1.471688,145.46,19.6,6,117.41,24 / 24,722110,2020-01-08 17:44:15:703,1.6329,1.339,9.0392,0.0212,-0.0343,9.8065,-0.1,0.2358,-0.0881,-18.31,-34.19,15.06,328.03,-83.94,-156.97,-1.2041279478856177,-1.741695225725741,-0.7673673799458328
52.55524,-1.471688,145.46,19.6,6,117.41,24 / 24,722210,2020-01-08 17:44:15:803,0.7364,-1.3642,9.9384,0.009,0.0059,9.8066,0.0505,-0.0527,0.1056,-18.12,-33.69,14.5,329.08,-84.05,-156.15,-1.0554199228142807,1.1368148218376755,0.1318971469625966
52.55524,-1.471688,145.46,19.6,6,117.41,24 / 24,722310,2020-01-08 17:44:15:903,2.5897,1.9661,10.2029,-0.0218,-0.0492,9.8064,-0.0456,0.2494,-0.1946,-17.5,-34.0,15.31,331.05,-83.85,-155.77,-2.0050557683293846,-2.619388021545749,0.39640427403309747
52.55524,-1.471688,145.46,19.6,6,117.41,24 / 24,722410,2020-01-08 17:44:16:003,0.7128,-2.2873,10.6488,0.0255,-0.0005,9.8066,-0.0389,-0.2978,0.1464,-17.81,-33.81,15.06,329.15,-83.93,-156.0,-1.2525065012775563,2.0329292224456275,0.8423553945835878
52.55524,-1.471688,145.46,19.6,6,117.41,24 / 24,722510,2020-01-08 17:44:16:103,-0.1798,-1.976,10.0756,-0.0159,-0.0168,9.8065,-0.0107,0.1517,-0.0232,-18.5,-34.5,14.94,329.75,-83.87,-155.43,-0.3456912145373712,1.9353963307186806,0.2692234893770324
52.55524,-1.471688,145.46,19.6,6,117.41,24 / 24,722610,2020-01-08 17:44:16:203,0.1368,-2.6434,10.2455,0.0001,0.0297,9.8065,0.057,-0.291,0.1209,-17.94,-34.37,15.56,331.67,-83.97,-155.79,-0.8198452672626394,2.547911345182198,0.43917310350122213
52.55524,-1.471688,145.46,19.6,6,117.41,24 / 24,722709,2020-01-08 17:44:16:302,1.4374,-1.1121,9.8731,-0.0244,-0.0015,9.8066,-0.0068,0.0074,0.0128,-18.37,-33.87,15.0,330.53,-83.97,-154.84,-1.698331234562156,0.6971016066257063,0.0665899222889137
52.55524,-1.471688,145.46,19.6,6,117.41,24 / 24,722810,2020-01-08 17:44:16:403,1.1366,0.2042,9.6503,0.0156,0.028,9.8065,0.0142,-0.2138,0.1338,-18.25,-34.5,15.13,330.87,-83.91,-154.49,-1.0379310227056073,-0.45868027075267304,-0.1561969312360097
52.55524,-1.471688,145.46,19.6,6,117.41,24 / 24,722910,2020-01-08 17:44:16:503,2.4448,0.685,9.141,-0.0015,-0.0077,9.8066,0.0077,0.0549,-0.0551,-18.25,-34.31,15.19,329.17,-84.01,-156.04,-2.1857388175576595,-1.2987476345335323,-0.6656130581765953
52.55524,-1.471688,145.46,19.6,6,117.41,24 / 24,723009,2020-01-08 17:44:16:602,1.4055,0.0259,8.8008,-0.0108,0.0451,9.8065,0.0723,-0.2397,0.1337,-17.62,-34.12,15.44,327.59,-83.96,-157.38,-1.3735884356760606,-0.34578623418994103,-1.0056806200885702
52.55524,-1.471688,145.46,19.6,6,117.41,24 / 24,723110,2020-01-08 17:44:16:703,0.5218,-1.8939,11.0529,-0.0307,0.021,9.8065,0.1303,-0.0898,-0.0107,-17.94,-33.87,15.38,328.18,-84.26,-157.11,-1.0265470594425647,1.7082083437896511,1.2465298267419191
52.55524,-1.471688,145.46,19.6,6,117.41,24 / 24,723210,2020-01-08 17:44:16:803,0.7474,-0.0331,9.5598,-0.0069,0.017,9.8066,0.0706,-0.1955,0.0585,-17.69,-33.94,14.81,327.22,-84.15,-157.85,-0.7418033747393736,-0.14564549114275474,-0.24678712311436002
52.55524,-1.471688,145.46,19.6,6,117.41,24 / 24,723310,2020-01-08 17:44:16:903,0.4435,-1.6187,10.4629,0.0011,0.0265,9.8066,0.0674,-0.1349,0.1298,-17.81,-34.37,14.69,326.89,-84.16,-158.15,-0.8507797542409528,1.475950110864609,0.6564111287999713
52.55524,-1.471688,145.46,19.6,6,117.41,24 / 24,723410,2020-01-08 17:44:17:003,1.4678,0.8757,9.2868,0.0081,0.0192,9.8066,-0.0226,-0.1238,0.1031,-17.81,-34.12,15.06,327.41,-83.99,-157.55,-1.1902050794932522,-1.2032001388607614,-0.519836199772492
52.55524,-1.471688,145.46,19.6,6,117.41,24 / 24,723510,2020-01-08 17:44:17:103,0.0064,-0.9725,10.2747,-0.0116,0.0177,9.8065,0.0598,-0.1775,0.0594,-18.25,-34.25,15.56,329.55,-84.06,-157.7,-0.2721483653454405,0.9522056766499376,0.4682637041192053
52.55524,-1.471688,145.46,19.6,6,117.41,24 / 24,723610,2020-01-08 17:44:17:203,0.5006,0.7031,9.4242,-0.0003,0.0162,9.8066,-0.0394,-0.0203,0.0589,-18.5,-34.44,15.0,327.52,-84.1,-157.55,-0.3073159335109241,-0.7926288973625479,-0.3824376133124716
52.55524,-1.471688,145.46,19.6,6,117.41,24 / 24,723710,2020-01-08 17:44:17:303,0.2005,-0.3231,10.6682,-0.0172,0.0182,9.8065,0.0132,-0.0594,0.0485,-18.31,-34.44,15.19,328.59,-84.23,-156.72,-0.2981589605691167,0.273747519813196,0.861724665788597
52.55524,-1.471688,145.46,19.6,6,117.41,24 / 24,723809,2020-01-08 17:44:17:402,-0.8369,0.9877,8.6744,-0.0149,0.0074,9.8066,-0.0215,0.1803,-0.0626,-17.25,-34.19,15.13,330.83,-84.24,-156.25,1.0465149039359753,-0.7357394254119062,-1.1322733697011658
52.55524,-1.471688,145.46,19.6,6,117.41,24 / 24,723910,2020-01-08 17:44:17:503,-2.7853,4.6727,8.8534,-0.0555,0.0139,9.8065,-0.0297,0.1119,-0.1206,-17.69,-33.56,15.13,331.94,-84.53,-154.02,3.8365315756651377,-3.7995545657413485,-0.9534336163983574
52.55524,-1.471688,145.46,19.6,6,117.41,24 / 24,724009,2020-01-08 17:44:17:602,-4.7521,4.2158,9.8637,-0.0325,-0.0222,9.8065,-0.0835,0.287,-0.2327,-18.62,-34.37,14.31,328.59,-84.88,-153.85,5.651105643251393,-2.881026042096657,0.056867860634403064
52.55524,-1.471688,145.46,19.6,6,117.41,24 / 24,724110,2020-01-08 17:44:17:703,-6.0158,7.7592,9.6249,-0.004,0.0244,9.8066,-0.1284,0.2623,-0.2196,-18.0,-34.19,13.06,328.52,-85.34,-153.51,7.799485309389978,-5.92762099722503,-0.1822728500541088
52.55524,-1.471688,145.46,19.6,6,117.41,24 / 24,724210,2020-01-08 17:44:17:803,-6.0878,3.8941,10.7239,-0.0398,-0.0289,9.8065,0.1129,-0.0528,-0.0934,-17.62,-34.44,12.75,329.48,-85.6,-152.86,6.8537629979391195,-2.2348980409088868,0.9170710304126917
52.55524,-1.471688,145.46,19.6,6,117.41,24 / 24,724310,2020-01-08 17:44:17:903,-2.1855,2.0282,8.9452,0.0287,-0.0341,9.8065,0.0496,0.1251,0.077,-18.62,-34.81,13.75,330.31,-85.22,-152.48,2.670240531012033,-1.423130990817201,-0.8614605675921747
52.55524,-1.471688,145.46,19.6,6,117.41,24 / 24,724410,2020-01-08 17:44:18:003,-1.9787,-0.7476,9.2737,-0.0062,-0.0306,9.8066,0.2156,0.0956,-0.0883,-18.31,-34.25,14.88,334.2,-84.86,-152.27,1.72160283225261,1.2003961796480755,-0.5328793107881901
52.55524,-1.471688,145.46,19.6,6,117.41,24 / 24,724509,2020-01-08 17:44:18:102,1.2553,0.7271,9.7209,0.0004,-0.0445,9.8065,0.04,0.15,-0.1056,-18.62,-33.87,14.38,328.65,-84.27,-153.31,-1.0141311140918792,-1.0684909626368495,-0.08563338247519289
52.55524,-1.471688,145.46,19.6,6,117.41,24 / 24,724610,2020-01-08 17:44:18:203,0.1597,-0.685,10.2763,-0.0008,-0.0103,9.8066,0.0233,0.1263,-0.0597,-18.44,-33.81,14.75,331.09,-84.17,-154.5,-0.32867620304717815,0.6106633536181817,0.4697453055627987
52.55524,-1.471688,145.46,19.6,6,117.41,24 / 24,724709,2020-01-08 17:44:18:302,0.4391,-0.0775,10.0633,-0.0165,0.0033,9.8066,0.0267,0.0081,-0.081,-18.0,-33.62,14.63,330.93,-84.27,-154.71,-0.46104352604196147,-0.03915623942318762,0.25671101653226625
52.55524,-1.471688,145.46,19.6,6,117.41,24 / 24,724810,2020-01-08 17:44:18:403,-1.7043,-0.6316,8.8511,-0.0439,-0.0015,9.8065,0.1476,0.2062,-0.1585,-18.44,-33.44,15.25,332.82,-84.52,-153.35,1.442356099793893,1.0361465063779136,-0.955380881485595
52.55524,-1.471688,145.46,19.6,6,117.41,24 / 24,724910,2020-01-08 17:44:18:503,-2.1127,-0.1563,9.5122,-0.0079,0.008,9.8066,0.0266,0.0152,-0.0196,-18.12,-33.56,14.69,331.12,-84.54,-154.75,1.9916595589516872,0.7003285325069808,-0.294416436010271
52.55524,-1.471688,145.46,19.6,6,117.41,24 / 24,725009,2020-01-08 17:44:18:602,-0.5131,0.7357,9.2274,-0.0347,-0.0185,9.8066,0.0937,0.2652,-0.1881,-18.0,-34.12,14.31,328.06,-84.45,-155.31,0.6563252534106412,-0.6056882492161415,-0.5792544747319118
52.55524,-1.471688,145.46,19.6,6,117.41,24 / 24,725110,2020-01-08 17:44:18:703,1.6171,2.1083,10.1086,-0.0058,0.0116,9.8066,0.0096,0.0786,-0.0264,-17.81,-34.25,14.31,329.3,-84.47,-154.25,-1.028796938287949,-2.443685897915781,0.3018863893866108
52.55524,-1.471688,145.46,19.6,6,117.41,24 / 24,725210,2020-01-08 17:44:18:803,1.4753,0.5819,10.4028,-0.0462,-0.0363,9.8064,0.0973,0.3008,-0.2553,-18.69,-33.69,14.44,327.29,-84.52,-154.7,-1.3112043571954055,-0.988888588199375,0.5963798653549849
52.55524,-1.471688,145.46,19.6,6,117.41,24 / 24,725310,2020-01-08 17:44:18:903,0.9277,-0.4448,9.5501,0.0108,0.0003,9.8066,-0.0375,0.0771,-0.0278,-18.25,-34.19,14.81,332.16,-84.56,-153.85,-1.0005589053316182,0.19422193341274596,-0.25645971914319926
52.55524,-1.471688,145.46,19.6,6,117.41,24 / 24,725409,2020-01-08 17:44:19:002,0.5408,-1.5429,10.5903,0.0048,-0.0274,9.8066,0.0143,0.1719,-0.1069,-18.5,-33.87,13.88,329.94,-84.45,-153.68,-0.9078545553285553,1.3265267861882615,0.7838040137012774
52.55524,-1.471688,145.46,19.6,6,117.41,24 / 24,725510,2020-01-08 17:44:19:103,-0.4654,-0.4252,10.0919,0.0384,-0.0221,9.8065,-0.1324,0.0912,0.0145,-18.62,-33.69,14.38,327.41,-84.33,-154.44,0.3831342058295006,0.5191350166866149,0.28541938401795097
52.55524,-1.471688,145.46,19.6,6,117.41,24 / 24,725610,2020-01-08 17:44:19:203,0.0724,-0.8515,10.4404,0.0202,-0.0154,9.8065,-0.0254,0.0603,-0.005,-18.44,-33.75,14.63,331.68,-84.33,-154.1,-0.2655439369479003,0.7944845303917863,0.6339542637433342
52.55524,-1.471688,145.46,19.6,6,117.41,24 / 24,725710,2020-01-08 17:44:19:303,1.2955,0.3595,9.1299,-0.0098,-0.0113,9.8066,-0.0093,0.0953,-0.1325,-18.75,-33.87,15.19,329.72,-84.17,-154.31,-1.1659729881228609,-0.6941168408948671,-0.6767070430799265
52.55524,-1.471688,145.46,19.6,6,117.41,24 / 24,725809,2020-01-08 17:44:19:402,0.7234,-0.9721,8.9963,-0.0049,-0.0098,9.8066,-0.0925,-0.0564,0.0127,-18.19,-34.19,14.88,330.09,-84.26,-155.43,-0.9513942499786123,0.7425673371154146,-0.8102289805708973
52.55524,-1.471688,145.46,19.6,6,117.41,24 / 24,725910,2020-01-08 17:44:19:503,1.4983,-0.0531,10.1278,-0.0204,0.0052,9.8065,-0.0072,0.1171,-0.0358,-18.25,-34.37,15.06,332.96,-84.41,-153.05,-1.482562775612738,-0.3344268086990106,0.32132319553815275
52.55524,-1.471688,145.46,19.6,6,117.41,24 / 24,726010,2020-01-08 17:44:19:603,-0.2121,-1.2085,10.0531,-0.0049,-0.013,9.8065,-0.0536,0.0712,-0.0901,-18.19,-34.37,15.13,333.47,-84.39,-152.59,-0.10735774536937454,1.2085486801934582,0.24667397939761573
52.55524,-1.471688,145.46,19.6,6,117.41,24 / 24,726110,2020-01-08 17:44:19:703,-0.2901,-0.6674,10.7364,-0.0136,-0.0052,9.8066,0.0269,0.2288,-0.1698,-18.37,-34.25,14.69,332.29,-84.45,-153.66,0.09684134082680936,0.7109926140628533,0.9298389040338852
52.55524,-1.471688,145.46,19.6,6,117.41,24 / 24,726210,2020-01-08 17:44:19:803,-1.1936,-4.5839,11.1332,0.0278,-0.0478,9.8065,-0.1566,0.2822,-0.1247,-17.81,-34.37,15.44,330.68,-84.52,-155.12,0.013229177493848039,4.697564908555494,1.3269751236443184
52.55524,-1.471688,145.46,19.6,6,117.41,24 / 24,726310,2020-01-08 17:44:19:903,3.3763,0.9835,9.0231,-0.0279,-0.0722,9.8063,-0.0271,0.7236,-0.3786,-18.44,-33.81,15.19,331.92,-84.32,-153.89,-3.0179979402346424,-1.895977553793836,-0.7832240536713618
52.55524,-1.471688,145.46,19.6,6,117.41,24 / 24,726410,2020-01-08 17:44:20:003,3.1921,2.5739,9.0592,-0.0184,-0.0014,9.8066,0.0461,-0.2616,0.0402,-18.87,-33.75,15.06,328.53,-84.43,-155.55,-2.439841108770615,-3.3145845009602075,-0.7475239460695201
52.55524,-1.471688,145.46,19.6,6,117.41,24 / 24,726510,2020-01-08 17:44:20:103,2.3299,3.8065,8.1094,-0.0014,-0.046,9.8065,-0.0473,0.2821,-0.0463,-18.25,-33.87,14.38,328.52,-84.37,-154.85,-1.2616574131342837,-4.322522371013888,-1.6973170811512428
52.55524,-1.471688,145.46,19.6,6,117.41,24 / 24,726609,2020-01-08 17:44:20:202,-0.3989,-0.6857,10.5421,-0.0056,0.0401,9.8065,0.2148,-0.32,0.1194,-18.62,-33.94,15.0,329.8,-84.3,-154.34,0.19333999441399058,0.802514263027108,0.7356414848267159
52.55524,-1.471688,145.46,19.6,6,117.41,24 / 24,726710,2020-01-08 17:44:20:303,-0.6328,-2.2068,11.0519,0.0036,0.0067,9.8066,-0.0325,-0.135,0.0904,-18.69,-34.19,14.88,327.98,-84.49,-156.09,0.04550131824406534,2.3026471164830435,1.245433734483845
52.55524,-1.471688,145.46,19.6,6,117.41,24 / 24,726812,2020-01-08 17:44:20:405,0.8375,-0.1913,10.2994,-0.0007,0.0357,9.8065,0.12,-0.0303,0.1054,-17.94,-34.31,16.0,332.24,-84.76,-155.85,-0.8683719514165034,0.0036691135220156697,0.49292529007858504
52.55524,-1.471688,145.46,19.6,6,117.41,24 / 24,726910,2020-01-08 17:44:20:503,1.1722,-1.5021,12.4156,-0.0505,0.0435,9.8063,0.2824,-0.2176,-0.002,-18.25,-33.94,15.38,330.55,-84.74,-155.4,-1.5791280975430735,1.1788258212830867,2.609414737949153
52.55524,-1.471688,145.46,19.6,6,117.41,24 / 24,727010,2020-01-08 17:44:20:603,-0.5346,-2.237,10.1139,0.0035,-0.0254,9.8065,-0.1889,0.327,-0.1231,-18.19,-34.62,14.75,329.58,-84.6,-156.02,-0.049027587206135155,2.275574548732609,0.30753487420636993
52.55524,-1.471688,145.46,19.6,6,117.41,24 / 24,727110,2020-01-08 17:44:20:703,0.067,-1.9684,10.2036,-0.0281,0.0043,9.8065,0.049,0.0429,-0.0879,-17.87,-34.5,14.31,328.66,-84.6,-154.92,-0.5994415394648249,1.881796409426565,0.39722767304573403
52.55524,-1.471688,145.46,19.6,6,117.41,24 / 24,727209,2020-01-08 17:44:20:802,-0.5826,-0.8959,9.888,-0.0315,-0.0197,9.8065,0.1521,0.2594,-0.1739,-18.37,-34.5,14.56,329.32,-84.4,-156.22,0.3071123686709953,0.9884895732481179,0.08154910538469641
52.55524,-1.471688,145.46,19.6,6,117.41,24 / 24,727312,2020-01-08 17:44:20:905,-1.0412,-0.6835,9.2971,0.0039,-0.0038,9.8066,0.0797,0.024,-0.1107,-18.31,-34.0,15.44,328.84,-84.3,-156.56,0.8350218557665064,0.9257404354274902,-0.5094698191323798
52.55524,-1.471688,145.46,19.6,6,117.41,24 / 24,727409,2020-01-08 17:44:21:002,1.6993,-1.5898,11.4647,-0.0153,-0.0197,9.8065,0.1015,-0.0607,-0.0236,-18.19,-33.87,14.88,326.62,-84.26,-158.47,-2.0607990501870037,1.075996187413472,1.6583226131908166
52.55524,-1.471688,145.46,19.6,6,117.41,24 / 24,727510,2020-01-08 17:44:21:103,-0.9555,-1.448,8.9337,0.0539,0.011,9.8064,-0.1197,-0.1654,0.2308,-18.31,-34.37,15.19,325.99,-84.09,-158.88,0.6000076782177342,1.6696409221345356,-0.8726194057053176
52.55524,-1.471688,145.46,19.6,6,117.41,24 / 24,727609,2020-01-08 17:44:21:202,3.834,3.0849,9.0617,0.0097,0.058,9.8065,0.1932,-0.4801,0.2084,-18.62,-33.75,15.63,327.77,-83.86,-157.69,-2.9167852541146373,-3.9089054507973295,-0.7449450302581674
52.55524,-1.471688,145.46,19.6,6,117.41,24 / 24,727710,2020-01-08 17:44:21:303,0.7165,-2.0518,10.758,0.0273,0.0375,9.8065,0.065,-0.4472,0.2937,-18.25,-34.19,15.88,326.94,-83.86,-159.81,-1.203524743953079,1.8415829145202938,0.9516427584128486
52.55524,-1.471688,145.46,19.6,6,117.41,24 / 24,727809,2020-01-08 17:44:21:402,2.3941,1.7426,9.1673,0.0376,0.0031,9.8065,-0.1771,0.0468,0.0616,-18.06,-34.0,14.94,325.31,-83.59,-159.03,-1.829630784983158,-2.287203474849495,-0.6392813115353129
52.55524,-1.471688,145.46,19.6,6,117.41,24 / 24,727910,2020-01-08 17:44:21:503,1.1367,-1.0054,8.5519,0.0142,0.0329,9.8066,-0.0195,-0.3541,0.1885,-18.56,-33.81,15.38,323.95,-83.66,-158.92,-1.3518900978038535,0.7146113736850584,-1.2546190569490967
52.55524,-1.471688,145.46,19.6,6,117.41,24 / 24,728010,2020-01-08 17:44:21:603,4.08,1.8711,9.4757,-0.0071,-0.0193,9.8066,-0.0341,0.1746,-0.2076,-18.37,-33.94,16.13,328.05,-83.61,-158.65,-3.46313527845518,-2.8783062848037106,-0.3309688111871366
52.55524,-1.471688,145.46,19.6,6,117.41,24 / 24,728110,2020-01-08 17:44:21:703,-0.5069,-2.7358,9.825,0.0376,0.0582,9.8064,-0.0559,-0.2811,0.1931,-18.12,-33.87,15.5,326.21,-83.7,-160.32,-0.1926966741602035,2.840031304236706,0.01877212622877508
52.55524,-1.471688,145.46,19.6,6,117.41,24 / 24,728210,2020-01-08 17:44:21:803,1.4267,-2.4956,11.2483,0.0361,-0.0325,9.8065,-0.1805,0.2997,-0.1334,-18.25,-33.37,15.44,325.24,-83.79,-159.42,-1.9774722907347613,2.0223072498505297,1.4419757059597795
52.554626,-1.469615,145.01,19.29,6,116.06,24 / 24,728310,2020-01-08 17:44:21:903,-0.8435,-3.449,9.5641,0.0273,0.0116,9.8066,-0.1503,-0.1459,0.0478,-18.06,-33.56,15.38,323.11,-83.65,-160.99,-0.04889833872119627,3.568158640856779,-0.24228932322619282
52.554626,-1.469615,145.01,19.29,6,116.06,24 / 24,728410,2020-01-08 17:44:22:003,2.9942,0.251,11.7755,-0.0138,0.0098,9.8066,0.2326,0.0575,-0.1847,-18.0,-34.37,15.81,328.47,-83.67,-158.33,-2.844618911395317,-1.00712155240053,1.9689230755980451
52.554626,-1.469615,145.01,19.29,6,116.06,24 / 24,728510,2020-01-08 17:44:22:103,0.5353,-0.2784,8.7716,-0.0409,0.0034,9.8065,0.068,-0.1313,-0.0234,-18.56,-33.87,15.56,324.8,-83.51,-160.0,-0.6293359009878859,0.12412363910326012,-1.0348745508241715
52.554626,-1.469615,145.01,19.29,6,116.06,24 / 24,728609,2020-01-08 17:44:22:202,-0.8544,-0.0388,9.0129,-0.0204,0.0145,9.8066,-0.0565,-0.0249,0.0873,-18.37,-34.62,15.81,328.1,-83.77,-158.59,0.7921864706076871,0.2661314507660753,-0.7937072676366769
52.554626,-1.469615,145.01,19.29,6,116.06,24 / 24,728709,2020-01-08 17:44:22:302,0.7185,-1.0155,11.0259,0.012,0.0055,9.8066,0.0308,-0.097,0.0536,-18.5,-34.31,15.0,326.58,-83.8,-158.11,-0.9453724377210989,0.8047810423747671,1.2193744985981345
52.554626,-1.469615,145.01,19.29,6,116.06,24 / 24,728810,2020-01-08 17:44:22:403,-1.3529,-1.9781,9.7587,0.0268,-0.0183,9.8065,-0.1599,-0.0064,0.0937,-18.44,-34.37,15.13,326.97,-83.8,-157.77,0.8290146519080406,2.2488070493793924,-0.047692049477266935
52.554626,-1.469615,145.01,19.29,6,116.06,24 / 24,728910,2020-01-08 17:44:22:503,-3.3254,-1.6751,11.2047,0.0069,0.0572,9.8064,0.0658,-0.3224,0.2657,-18.31,-34.56,15.56,331.78,-83.98,-155.58,2.774454315671852,2.531264247481812,1.3983683454906215
52.554626,-1.469615,145.01,19.29,6,116.06,24 / 24,729011,2020-01-08 17:44:22:604,-6.5126,2.1021,9.7387,-0.0215,0.0192,9.8066,0.0076,-0.2774,0.0295,-17.75,-34.75,14.81,329.14,-84.44,-156.28,6.808479289449606,-0.34268339869644576,-0.06811668953832499
52.554626,-1.469615,145.01,19.29,6,116.06,24 / 24,729111,2020-01-08 17:44:22:704,-6.6701,7.0891,8.4539,-0.0444,0.0588,9.8063,-0.0511,-0.0988,-0.0349,-17.87,-34.37,13.94,327.97,-84.92,-155.78,8.211423895871572,-5.088819836811051,-1.3529355530799234
52.554626,-1.469615,145.01,19.29,6,116.06,24 / 24,729209,2020-01-08 17:44:22:802,-5.8308,1.1588,11.6372,-0.0153,0.0635,9.8064,0.1037,-0.3248,0.1607,-18.12,-34.75,13.31,327.54,-85.68,-154.57,5.901579665350367,0.43773246799350307,1.830655270657853
52.554626,-1.469615,145.01,19.29,6,116.06,24 / 24,729309,2020-01-08 17:44:22:902,-4.8531,5.1402,9.3487,-0.0293,-0.0179,9.8065,0.0262,0.252,-0.15,-18.37,-35.19,14.56,335.97,-85.59,-151.09,5.988514704525622,-3.743310593383472,-0.45819245426293176
52.554626,-1.469615,145.01,19.29,6,116.06,24 / 24,729410,2020-01-08 17:44:23:003,-1.8594,3.1545,8.5066,0.023,0.0108,9.8066,0.0921,-0.108,0.0861,-18.69,-34.81,14.25,328.12,-85.35,-154.53,2.6278307514673793,-2.553467894298826,-1.3002256359676598
52.554626,-1.469615,145.01,19.29,6,116.06,24 / 24,729510,2020-01-08 17:44:23:103,0.7228,0.1818,9.5081,0.0386,-0.0458,9.8064,0.0347,0.045,0.0597,-18.19,-34.19,14.81,331.19,-84.91,-154.96,-0.6026155801951053,-0.395957559294582,-0.2983058225103793
52.554626,-1.469615,145.01,19.29,6,116.06,24 / 24,729610,2020-01-08 17:44:23:203,-0.813,-1.2644,9.2674,0.0342,-0.0333,9.8065,-0.0428,-0.0726,0.075,-18.87,-34.12,15.75,331.37,-84.21,-154.81,0.5019140989598754,1.4076614180926623,-0.5390319371601746
52.554626,-1.469615,145.01,19.29,6,116.06,24 / 24,729710,2020-01-08 17:44:23:303,1.0203,0.0058,10.5111,0.0205,-0.0018,9.8066,-0.0137,-0.0467,0.0247,-18.19,-33.44,15.06,330.75,-84.06,-154.84,-0.9641654144051487,-0.26462330249947486,0.7045123217085854
52.554626,-1.469615,145.01,19.29,6,116.06,24 / 24,729810,2020-01-08 17:44:23:403,-0.8053,-0.3136,9.7106,0.0415,0.0114,9.8065,-0.1095,-0.1291,0.0868,-18.31,-33.75,15.13,328.43,-83.99,-156.67,0.734670197067765,0.5319368912654089,-0.09589001643186833
52.554626,-1.469615,145.01,19.29,6,116.06,24 / 24,729910,2020-01-08 17:44:23:503,0.6308,1.0668,9.9361,0.012,0.0195,9.8066,-0.0552,-0.0445,0.059,-18.19,-33.69,14.5,328.64,-84.31,-156.74,-0.328504917297509,-1.1712602529991163,0.1294407936309208
52.554626,-1.469615,145.01,19.29,6,116.06,24 / 24,730009,2020-01-08 17:44:23:602,-1.6771,-0.0485,8.7208,0.0129,0.0083,9.8066,-0.1174,-0.1609,0.0711,-18.06,-34.44,14.19,327.08,-84.4,-156.13,1.6184597891069148,0.48977039418661644,-1.0858180105442559
52.554626,-1.469615,145.01,19.29,6,116.06,24 / 24,730110,2020-01-08 17:44:23:703,-0.1668,1.0358,9.8551,0.0247,0.0051,9.8066,-0.0616,-0.1063,0.062,-18.56,-34.19,14.63,328.77,-84.42,-155.34,0.4502425236983426,-0.9467328303317093,0.04843147556969857
52.554626,-1.469615,145.01,19.29,6,116.06,24 / 24,730210,2020-01-08 17:44:23:803,-0.3868,-0.7664,10.0191,0.02,0.0105,9.8066,0.0,-0.109,0.0627,-18.06,-34.31,14.81,329.28,-84.32,-156.19,0.19322292161383572,0.8553980362454703,0.21254458861708658
52.554626,-1.469615,145.01,19.29,6,116.06,24 / 24,730310,2020-01-08 17:44:23:903,-0.1342,-1.6248,11.0806,0.0173,-0.0287,9.8066,-0.0816,0.1455,-0.116,-17.69,-34.56,15.38,328.18,-84.22,-156.94,-0.2642230005371179,1.58127097996377,1.2741003704228262
52.554626,-1.469615,145.01,19.29,6,116.06,24 / 24,730410,2020-01-08 17:44:24:003,0.0972,1.1377,9.3993,0.0016,-0.0004,9.8066,-0.0547,0.066,0.0137,-18.37,-33.75,14.5,327.85,-84.12,-157.27,0.20042762091843344,-1.1243581737101491,-0.4073717294856805
52.554626,-1.469615,145.01,19.29,6,116.06,24 / 24,730510,2020-01-08 17:44:24:103,-0.7412,-0.1851,10.0472,-0.0061,-0.0101,9.8066,0.0071,0.0604,-0.0191,-18.62,-34.0,14.63,328.37,-84.14,-155.46,0.6653337533953626,0.35822777820544793,0.24060179865251985
52.554626,-1.469615,145.01,19.29,6,116.06,24 / 24,730610,2020-01-08 17:44:24:203,1.0151,-0.6027,10.5318,-0.0133,-0.015,9.8066,0.0963,0.0384,-0.0835,-18.19,-34.31,15.06,329.99,-84.1,-155.4,-1.1449663014317617,0.303275889927378,0.7252508484479218
52.554626,-1.469615,145.01,19.29,6,116.06,24 / 24,730710,2020-01-08 17:44:24:303,-0.9985,-1.0218,8.9091,-0.0329,-0.017,9.8065,0.129,0.1253,-0.1068,-18.5,-33.94,15.19,327.93,-84.02,-157.13,0.6745423173650781,1.2194640056059276,-0.897347959888078
52.554626,-1.469615,145.01,19.29,6,116.06,24 / 24,730810,2020-01-08 17:44:24:403,-1.1673,-0.9499,9.4069,0.0029,0.0049,9.8066,-0.0186,0.0006,-0.0453,-18.31,-34.12,15.31,328.96,-83.97,-156.19,0.8851331759779735,1.2237594865113144,-0.399653787617119
52.554626,-1.469615,145.01,19.29,6,116.06,24 / 24,730910,2020-01-08 17:44:24:503,0.858,-0.961,10.1854,-0.0232,-0.0168,9.8066,0.1024,0.0823,-0.1227,-18.44,-33.5,15.0,330.08,-84.01,-155.38,-1.0944555120723083,0.6856674116066849,0.37887181573077006
52.554626,-1.469615,145.01,19.29,6,116.06,24 / 24,731010,2020-01-08 17:44:24:603,1.4369,0.2813,9.0723,0.0099,0.0083,9.8066,-0.0079,0.1101,-0.0329,-18.44,-34.0,14.94,328.32,-83.99,-156.77,-1.308740443998323,-0.6309180644179665,-0.734299214376645
52.554626,-1.469615,145.01,19.29,6,116.06,24 / 24,731110,2020-01-08 17:44:24:703,0.1886,-0.6428,10.3189,-0.003,-0.012,9.8066,0.0339,0.0152,-0.0887,-18.06,-33.94,15.63,329.88,-83.96,-157.33,-0.3474329732509349,0.5602370768895326,0.5123428898465234
52.554626,-1.469615,145.01,19.29,6,116.06,24 / 24,731210,2020-01-08 17:44:24:803,3.0949,1.9896,7.6368,0.0334,-0.0084,9.8065,-0.1211,0.3184,0.0353,-17.69,-34.0,15.44,326.09,-83.81,-158.55,-2.444431460995341,-2.7183001191321026,-2.1697888456765972
52.554626,-1.469615,145.01,19.29,6,116.06,24 / 24,731310,2020-01-08 17:44:24:903,1.1894,-2.8391,12.1259,0.0219,0.0215,9.8065,-0.0544,-0.253,0.2107,-18.19,-33.87,15.5,330.2,-83.88,-156.99,-1.864130237602216,2.4637749555761186,2.319598326334325
52.554626,-1.469615,145.01,19.29,6,116.06,24 / 24,731410,2020-01-08 17:44:25:003,-3.1987,-2.0856,8.0511,0.0311,-0.044,9.8064,-0.3277,-0.0241,0.1035,-18.31,-34.44,14.75,328.69,-84.09,-156.53,2.595734398191054,2.803964282668143,-1.7552105074802435
52.554626,-1.469615,145.01,19.29,6,116.06,24 / 24,731510,2020-01-08 17:44:25:103,-0.2659,-1.7403,11.8064,0.0466,0.0659,9.8062,0.1026,-0.5069,0.3722,-18.06,-34.56,14.81,330.59,-84.05,-154.72,-0.16267867181099516,1.8256788290089117,2.000311773960864
52.554626,-1.469615,145.01,19.29,6,116.06,24 / 24,731610,2020-01-08 17:44:25:203,-1.1903,-1.9555,9.6868,0.0449,-0.0084,9.8065,-0.039,-0.2959,0.1548,-18.19,-34.19,14.75,327.98,-83.95,-157.02,0.6926448259472893,2.1993605150015525,-0.1195910119555633
52.554626,-1.469615,145.01,19.29,6,116.06,24 / 24,731709,2020-01-08 17:44:25:302,2.85,2.4109,9.7329,0.02,0.0452,9.8064,0.047,-0.3283,0.1633,-18.62,-34.56,15.19,326.4,-83.89,-156.85,-2.1260592398860045,-3.0141817502109394,-0.07361538691512429
52.554626,-1.469615,145.01,19.29,6,116.06,24 / 24,731810,2020-01-08 17:44:25:403,0.4447,-1.3684,10.5318,0.0231,0.0342,9.8065,0.0015,-0.3706,0.2682,-18.0,-34.19,15.25,325.4,-83.97,-159.29,-0.7682596217515442,1.2468649512326297,0.7253953108297758
52.554626,-1.469615,145.01,19.29,6,116.06,24 / 24,731910,2020-01-08 17:44:25:503,3.7322,1.0297,9.9238,0.0153,0.0042,9.8066,-0.0672,-0.0733,0.036,-17.81,-34.56,15.38,326.67,-83.93,-158.0,-3.327914852243568,-1.9473014254591077,0.11718188691773766
52.554626,-1.469615,145.01,19.29,6,116.06,24 / 24,732010,2020-01-08 17:44:25:603,0.8066,-2.4595,9.0893,0.0246,0.0186,9.8066,-0.0658,-0.3504,0.3113,-19.06,-34.31,15.31,326.16,-83.92,-157.22,-1.3932828439709106,2.193515161796328,-0.7171311258521408
52.554626,-1.469615,145.01,19.29,6,116.06,24 / 24,732110,2020-01-08 17:44:25:703,1.9118,1.8224,9.9611,-0.0062,-0.0126,9.8066,-0.0115,0.0553,-0.0457,-18.62,-33.94,14.56,329.99,-83.84,-153.83,-1.3812990950345203,-2.266713602318458,0.1544069464800509
52.554626,-1.469615,145.01,19.29,6,116.06,24 / 24,732210,2020-01-08 17:44:25:803,-2.7846,-2.4951,11.2382,0.0307,0.0241,9.8065,0.103,-0.3215,0.2248,-18.5,-33.69,15.63,333.99,-83.73,-153.63,2.072399433737606,3.158652275295849,1.4318254121269145
52.554626,-1.469615,145.01,19.29,6,116.06,24 / 24,732310,2020-01-08 17:44:25:903,-0.9046,-1.7419,10.9427,-0.0034,-0.0323,9.8066,-0.0659,0.3,-0.2401,-19.06,-33.62,15.5,331.66,-83.44,-154.02,0.4310315983545739,1.88384781338235,1.136198040499297
52.554626,-1.469615,145.01,19.29,6,116.06,24 / 24,732410,2020-01-08 17:44:26:003,-1.6511,-4.6194,10.7947,0.0204,0.04,9.8065,0.0108,-0.2894,0.1917,-18.37,-33.87,15.63,332.26,-83.43,-154.9,0.41644275615808823,4.932539709429284,0.9884772611176863
52.554626,-1.469615,145.01,19.29,6,116.06,24 / 24,732510,2020-01-08 17:44:26:103,0.3483,0.4517,9.1717,-0.0057,-0.0237,9.8065,-0.0438,0.4078,-0.1667,-18.44,-34.06,15.63,333.06,-83.37,-154.18,-0.21978538177927978,-0.550438566341852,-0.6348259372770328
52.554626,-1.469615,145.01,19.29,6,116.06,24 / 24,732610,2020-01-08 17:44:26:203,2.5949,1.6679,8.6057,0.001,0.0133,9.8066,-0.0472,-0.0251,-0.0507,-18.44,-34.44,15.5,333.12,-83.37,-154.12,-2.080898657178902,-2.266209220092188,-1.2009728262205595
52.554626,-1.469615,145.01,19.29,6,116.06,24 / 24,732710,2020-01-08 17:44:26:303,1.8458,1.2988,9.3076,-0.0072,-0.0489,9.8065,-0.0883,0.4538,-0.2836,-18.44,-33.94,14.44,327.87,-83.59,-154.75,-1.4438833000864,-1.7790567140785563,-0.49896264772387244
52.554626,-1.469615,145.01,19.29,6,116.06,24 / 24,732810,2020-01-08 17:44:26:403,1.4033,0.6859,8.7705,0.0218,0.0024,9.8066,-0.0649,0.1727,-0.0998,-18.5,-34.19,14.88,329.52,-83.56,-155.38,-1.1591636845013324,-1.0158739808129673,-1.0361261108767164
52.554626,-1.469615,145.01,19.29,6,116.06,24 / 24,732910,2020-01-08 17:44:26:503,-0.8707,-3.6789,10.4197,-0.0217,-0.0436,9.8064,0.019,0.3903,-0.241,-18.44,-34.19,15.25,330.3,-83.44,-154.62,-0.11488815899328897,3.731318166371154,0.6135221530081363
52.554626,-1.469615,145.01,19.29,6,116.06,24 / 24,733010,2020-01-08 17:44:26:603,-0.1174,-1.0918,9.4553,0.004,-0.0276,9.8066,-0.1179,0.2196,-0.1375,-18.44,-34.31,15.38,329.0,-83.46,-155.75,-0.15650441778747612,1.0596286143899587,-0.3512333366567293
52.554626,-1.469615,145.01,19.29,6,116.06,24 / 24,733110,2020-01-08 17:44:26:703,0.1713,-3.4414,11.0254,-0.0217,-0.0341,9.8065,-0.0514,0.4038,-0.2323,-18.19,-33.94,15.5,331.13,-83.67,-156.04,-1.0631291799939504,3.242862949393201,1.219120887401334
52.554626,-1.469615,145.01,19.29,6,116.06,24 / 24,733210,2020-01-08 17:44:26:803,3.201,2.4424,8.9435,0.0062,-0.0424,9.8065,-0.0903,0.3378,-0.2385,-18.5,-34.06,15.19,329.13,-83.61,-155.76,-2.447957677885707,-3.2230850141766183,-0.8631183456922517
52.554626,-1.469615,145.01,19.29,6,116.06,24 / 24,733309,2020-01-08 17:44:26:902,2.1988,0.81,9.7877,-0.0363,-0.0558,9.8063,0.0195,0.5001,-0.3061,-18.19,-34.81,15.25,330.32,-83.56,-154.57,-1.9370935279670662,-1.4117185675361825,-0.01862686183163568
52.554626,-1.469615,145.01,19.29,6,116.06,24 / 24,733411,2020-01-08 17:44:27:004,3.0617,1.2336,10.1143,-0.0194,-0.0271,9.8066,0.0254,0.3902,-0.2193,-17.81,-33.81,15.5,331.85,-83.63,-155.39,-2.6529994827372896,-2.011009915845244,0.30765866307935746
52.554626,-1.469615,145.01,19.29,6,116.06,24 / 24,733510,2020-01-08 17:44:27:103,-1.9919,-4.3197,9.9336,-0.0396,-0.0627,9.8063,0.0668,0.5094,-0.3543,-18.75,-34.12,15.44,325.84,-83.6,-157.24,0.7912978180868911,4.615984064520779,0.1275478701552708
52.554626,-1.469615,145.01,19.29,6,116.06,24 / 24,733610,2020-01-08 17:44:27:203,0.3983,-0.707,9.3098,0.0025,-0.0277,9.8066,-0.0368,0.3687,-0.1874,-18.12,-34.06,15.31,328.66,-83.36,-155.95,-0.5572661305839782,0.5546250026622067,-0.4967513826109678
52.554626,-1.469615,145.01,19.29,6,116.06,24 / 24,733710,2020-01-08 17:44:27:303,-0.6498,-2.8364,10.8043,-0.0464,-0.0449,9.8064,0.1426,0.3575,-0.2182,-18.12,-34.0,15.63,330.22,-83.38,-156.61,-0.13510807661436028,2.8527123740410123,0.9980712091964463
52.554626,-1.469615,145.01,19.29,6,116.06,24 / 24,733809,2020-01-08 17:44:27:402,3.86,1.4182,10.9957,-0.0172,-0.059,9.8064,0.0847,0.4539,-0.2275,-18.37,-34.62,15.13,330.91,-83.06,-153.67,-3.3665697269249373,-2.425101034660502,1.189254983357696
52.554626,-1.469615,145.01,19.29,6,116.06,24 / 24,733910,2020-01-08 17:44:27:503,-3.0716,-1.5052,10.6485,-0.0456,0.0011,9.8065,0.131,-0.0441,0.0125,-18.62,-33.56,15.69,334.42,-83.16,-151.48,2.5365974010705084,2.23409758138575,0.8420577840793888
52.554626,-1.469615,145.01,19.29,6,116.06,24 / 24,734010,2020-01-08 17:44:27:603,-4.9367,5.5664,7.5843,-0.0352,-0.0309,9.8064,-0.2172,0.287,-0.1898,-18.87,-34.19,14.38,331.54,-83.31,-150.08,6.176549406309792,-4.147629819440706,-2.222521599962627
52.554626,-1.469615,145.01,19.29,6,116.06,24 / 24,734110,2020-01-08 17:44:27:703,-4.8835,6.2554,9.0452,-0.0483,0.0689,9.8063,0.0343,-0.3412,0.1944,-18.5,-34.5,14.25,336.52,-83.98,-147.66,6.264118475354643,-4.734138025335916,-0.7615585228918211
52.554626,-1.469615,145.01,19.29,6,116.06,24 / 24,734210,2020-01-08 17:44:27:803,-5.0476,7.0141,11.4162,-0.0245,0.024,9.8066,0.0604,0.0412,0.0855,-18.94,-34.31,13.19,336.58,-84.74,-144.63,6.65251884756859,-5.462478742672188,1.6090875515642877
52.554626,-1.469615,145.01,19.29,6,116.06,24 / 24,734309,2020-01-08 17:44:27:902,-4.7747,3.9588,8.9578,0.0251,0.0604,9.8064,-0.0499,-0.3937,0.3718,-19.12,-34.31,13.81,342.11,-84.76,-141.89,5.641204063083745,-2.5321711476132363,-0.8489113957548914
52.554626,-1.469615,145.01,19.29,6,116.06,24 / 24,734409,2020-01-08 17:44:28:002,-5.9818,-0.2293,8.76,0.0051,-0.0348,9.8065,-0.0162,-0.0728,0.0591,-19.12,-33.87,13.81,339.83,-84.63,-143.81,5.735274565515265,1.7283787375377162,-1.0465642396820243
52.554626,-1.469615,145.01,19.29,6,116.06,24 / 24,734510,2020-01-08 17:44:28:103,-2.0378,-1.7445,9.4417,0.0971,0.022,9.806,0.0531,-0.5946,0.4048,-18.62,-33.19,14.38,331.43,-84.15,-150.92,1.608515290352158,2.25633804831334,-0.3642141161965864
52.554626,-1.469615,145.01,19.29,6,116.06,24 / 24,734610,2020-01-08 17:44:28:203,-1.4372,-2.4451,9.5254,0.035,-0.0027,9.8065,0.0476,-0.3459,0.2661,-18.87,-33.56,14.94,333.8,-83.64,-150.41,0.7942260333666984,2.7389729836022094,-0.28096229821777413
52.554626,-1.469615,145.01,19.29,6,116.06,24 / 24,734710,2020-01-08 17:44:28:303,1.7117,2.5852,9.8098,0.0256,0.0409,9.8065,-0.0438,-0.439,0.2286,-18.81,-33.56,14.44,333.34,-83.32,-148.58,-0.9747152079321311,-2.892460350161534,0.003158507438431667
52.554626,-1.469615,145.01,19.29,6,116.06,24 / 24,734810,2020-01-08 17:44:28:403,-0.9984,-0.0539,10.8258,0.0012,0.0325,9.8066,-0.0461,-0.4431,0.2791,-18.56,-33.62,14.94,335.31,-83.52,-149.04,0.9437475217266769,0.3406179054049175,1.0191927284632292
52.554626,-1.469615,145.01,19.29,6,116.06,24 / 24,734910,2020-01-08 17:44:28:503,1.1588,1.3454,9.3779,0.0555,0.0354,9.8064,-0.2261,-0.2048,0.2821,-19.25,-33.31,15.19,338.88,-83.48,-146.08,-0.7291201576924454,-1.5497402461040677,-0.42856983707658014
52.554626,-1.469615,145.01,19.29,6,116.06,24 / 24,735010,2020-01-08 17:44:28:603,-1.195,-1.0529,9.1619,0.0013,0.0084,9.8066,-0.0071,-0.2733,0.0339,-18.87,-32.56,14.81,337.44,-83.53,-147.34,0.8829461196881284,1.3334037218055028,-0.6446472945750346
52.554626,-1.469615,145.01,19.29,6,116.06,24 / 24,735110,2020-01-08 17:44:28:703,-0.4913,0.4351,9.5667,0.0259,0.0052,9.8066,-0.0222,-0.1084,0.065,-19.0,-33.5,15.19,335.29,-83.44,-149.12,0.6103899061456709,-0.2823430710633755,-0.23993418409634792
52.554626,-1.469615,145.01,19.29,6,116.06,24 / 24,735211,2020-01-08 17:44:28:804,-0.2425,-1.1385,9.9521,0.0005,0.0229,9.8066,0.0403,-0.176,0.0358,-19.06,-32.75,15.13,335.87,-83.46,-148.64,-0.06399232714651634,1.1848135627559198,0.14557133500795108
52.554626,-1.469615,145.01,19.29,6,116.06,24 / 24,735310,2020-01-08 17:44:28:903,0.0531,0.9531,9.1055,-0.0207,0.0229,9.8066,0.1338,-0.1315,-0.027,-18.37,-33.56,15.44,336.99,-83.45,-148.96,0.1679947825216136,-0.9178311101616292,-0.7011586812305666
52.554626,-1.469615,145.01,19.29,6,116.06,24 / 24,735409,2020-01-08 17:44:29:002,-0.3974,-1.6575,9.4797,0.0189,0.0233,9.8065,-0.0038,-0.2351,0.1439,-18.87,-33.25,15.0,334.79,-83.53,-149.61,-0.03017627163636445,1.7313435960622023,-0.32669758952972006
52.554626,-1.469615,145.01,19.29,6,116.06,24 / 24,735510,2020-01-08 17:44:29:103,1.6897,1.2983,10.3546,-0.0094,0.0061,9.8066,0.0469,0.0887,-0.1505,-19.0,-33.87,15.38,334.76,-83.52,-149.51,-1.3094137599209168,-1.685889728878238,0.5479389358246316
52.554626,-1.469615,145.01,19.29,6,116.06,24 / 24,735610,2020-01-08 17:44:29:203,1.3263,-0.0396,9.7724,0.0329,0.0316,9.8065,0.0533,-0.1733,0.1158,-18.75,-33.37,15.0,332.71,-83.63,-151.45,-1.2681769242980254,-0.2639729716051092,-0.03407886353693579
52.554626,-1.469615,145.01,19.29,6,116.06,24 / 24,735710,2020-01-08 17:44:29:303,0.2922,3.4149,8.6052,-0.0033,-0.0088,9.8066,-0.0869,0.2747,-0.1629,-18.25,-33.62,14.94,334.26,-83.58,-151.36,0.5952948646307228,-3.3843976838869723,-1.2016156795934314
52.554626,-1.469615,145.01,19.29,6,116.06,24 / 24,735810,2020-01-08 17:44:29:403,-0.4519,-0.4933,10.2467,0.007,0.0239,9.8066,0.0478,-0.0235,0.0497,-18.62,-33.44,15.31,330.97,-83.77,-153.05,0.3103935480452524,0.6178324115808338,0.44012727310641836
52.554626,-1.469615,145.01,19.29,6,116.06,24 / 24,735909,2020-01-08 17:44:29:502,-1.0209,-1.8891,10.1131,-0.0079,-0.0286,9.8066,0.0269,0.4162,-0.1777,-18.62,-33.06,15.81,333.02,-83.68,-153.14,0.5002188770643843,2.0584812756804918,0.3066062828796253
52.554626,-1.469615,145.01,19.29,6,116.06,24 / 24,736010,2020-01-08 17:44:29:603,-1.6668,-1.7481,10.4096,-0.0096,-0.0066,9.8066,-0.0136,0.1097,-0.0888,-18.94,-33.25,15.13,331.39,-83.63,-152.59,1.1533574997634495,2.109215858385567,0.6030903999188187
52.554626,-1.469615,145.01,19.29,6,116.06,24 / 24,736110,2020-01-08 17:44:29:703,-0.2506,-1.7806,10.1979,-0.0216,-0.0431,9.8065,0.0353,0.4116,-0.1734,-18.81,-33.31,15.38,331.57,-83.73,-152.51,-0.22573827450574116,1.7379023505795475,0.3915084434252399
52.554626,-1.469615,145.01,19.29,6,116.06,24 / 24,736210,2020-01-08 17:44:29:803,1.7887,2.4335,9.1752,-0.016,-0.0251,9.8066,-0.0308,0.3232,-0.208,-18.25,-33.5,15.38,335.42,-83.58,-150.49,-1.1113904900658589,-2.8401227775755813,-0.6315344779879668
52.554626,-1.469615,145.01,19.29,6,116.06,24 / 24,736310,2020-01-08 17:44:29:903,-1.6549,-2.2458,10.1029,-0.0139,-0.0216,9.8065,0.0135,0.3233,-0.117,-18.69,-33.19,15.56,336.89,-83.6,-149.75,1.0135004841082043,2.5715153779033555,0.2965215505136158
52.554626,-1.469615,145.01,19.29,6,116.06,24 / 24,736410,2020-01-08 17:44:30:003,2.0412,2.1611,9.4119,-0.0173,-0.0369,9.8065,-0.0506,0.3573,-0.2887,-18.75,-33.56,15.25,334.02,-83.65,-150.22,-1.4236889204654484,-2.6536099401262705,-0.3947145214037314
52.554626,-1.469615,145.01,19.29,6,116.06,24 / 24,736510,2020-01-08 17:44:30:103,-0.4091,-1.1813,10.1019,-0.0184,-0.024,9.8065,0.0473,0.1454,-0.0804,-18.62,-33.56,15.38,331.88,-83.77,-152.14,0.07979448141798247,1.2188444300911125,0.2954691793928884
52.554626,-1.469615,145.01,19.29,6,116.06,24 / 24,736609,2020-01-08 17:44:30:202,3.6014,2.5002,9.6866,-0.011,-0.0514,9.8065,0.0142,0.4244,-0.2519,-18.44,-33.56,14.75,334.53,-83.52,-151.09,-2.83429055064106,-3.3951237469895656,-0.12001727864907255
52.554626,-1.469615,145.01,19.29,6,116.06,24 / 24,736710,2020-01-08 17:44:30:303,-0.0604,-1.2277,9.9111,-0.0129,-0.0133,9.8066,0.0131,-0.0399,0.0236,-18.12,-33.87,15.81,335.63,-83.58,-152.13,-0.26654822341665635,1.1857316332106036,0.10457723747134783
52.554626,-1.469615,145.01,19.29,6,116.06,24 / 24,736810,2020-01-08 17:44:30:403,3.9087,1.8296,8.9862,-0.0229,-0.0419,9.8064,0.0028,0.3391,-0.172,-18.81,-33.44,15.69,335.94,-83.52,-150.51,-3.317747171902109,-2.820005381447117,-0.8202695910155752
52.554626,-1.469615,145.01,19.29,6,116.06,24 / 24,736910,2020-01-08 17:44:30:503,0.4675,-2.5865,9.754,-0.0152,0.0299,9.8066,0.1006,-0.3018,0.1581,-18.19,-33.75,15.44,334.79,-83.79,-151.04,-1.1396228687188925,2.40412691667235,-0.0524260967879791
52.554626,-1.469615,145.01,19.29,6,116.06,24 / 24,737009,2020-01-08 17:44:30:602,-0.696,-2.1798,11.41,-0.0234,-0.0107,9.8065,0.1183,0.0072,-0.0149,-18.87,-33.31,15.25,333.44,-83.67,-150.85,0.09191661210065591,2.269034733208776,1.6036304237298935
52.554626,-1.469615,145.01,19.29,6,116.06,24 / 24,737110,2020-01-08 17:44:30:703,-0.804,-2.4441,9.0881,0.0013,0.045,9.8065,0.0642,-0.3826,0.2649,-18.5,-33.69,16.0,337.14,-83.52,-150.81,0.13774957013750594,2.612540212803521,-0.7182507587266883
52.554626,-1.469615,145.01,19.29,6,116.06,24 / 24,737210,2020-01-08 17:44:30:803,0.9042,-1.4363,11.3447,-0.0553,0.0246,9.8064,0.1947,-0.1806,-0.0379,-19.37,-33.56,15.38,333.93,-83.64,-150.3,-1.303027398576343,1.1647586519746493,1.5384059383691822
52.554626,-1.469615,145.01,19.29,6,116.06,24 / 24,737310,2020-01-08 17:44:30:903,2.4097,0.9815,10.2975,0.0271,0.0205,9.8066,-0.1433,-0.2416,0.1628,-19.31,-33.44,15.5,332.72,-83.56,-153.31,-2.0551192022919094,-1.5416936574479343,0.4908689244145305
52.55402,-1.467487,144.52,17.69,6,115.36,24 / 24,737409,2020-01-08 17:44:31:002,0.123,-1.7812,9.221,0.0012,0.0141,9.8066,0.1148,0.1221,-0.1707,-19.0,-33.25,15.75,334.54,-83.5,-151.71,-0.579627921732739,1.7035566922980765,-0.5854833545663114
52.55402,-1.467487,144.52,17.69,6,115.36,24 / 24,737510,2020-01-08 17:44:31:103,2.6483,0.2302,11.0271,-0.0099,0.0138,9.8066,0.0571,0.0936,-0.0577,-18.62,-33.31,15.63,332.98,-83.61,-153.12,-2.5129975148943924,-0.8931127690339908,1.2205201849715754
52.55402,-1.467487,144.52,17.69,6,115.36,24 / 24,737610,2020-01-08 17:44:31:203,2.4232,-0.4476,10.578,-0.0167,-0.0226,9.8065,0.1141,0.1812,-0.1739,-18.69,-33.94,15.63,331.85,-83.66,-154.01,-2.4670850322072826,-0.21711328438284377,0.771558504329574
52.55402,-1.467487,144.52,17.69,6,115.36,24 / 24,737710,2020-01-08 17:44:31:303,2.3296,-0.4002,10.7501,0.0009,-0.0036,9.8066,0.0804,0.1328,-0.0666,-18.94,-33.69,15.44,328.9,-83.5,-154.51,-2.352316661932763,-0.21595669907942058,0.9435552586447847
52.55402,-1.467487,144.52,17.69,6,115.36,24 / 24,737809,2020-01-08 17:44:31:402,-0.5319,-1.5814,9.0946,-0.0364,-0.0132,9.8065,0.1414,0.1649,-0.1635,-18.69,-33.69,15.94,332.14,-83.47,-153.63,0.07531707018172644,1.6429342383309768,-0.7118058214562829
52.55402,-1.467487,144.52,17.69,6,115.36,24 / 24,737910,2020-01-08 17:44:31:503,-1.0243,-2.116,9.7496,-0.0157,0.0043,9.8066,0.0224,0.0085,-0.0384,-19.0,-33.5,15.81,331.04,-83.43,-154.68,0.42911274958649764,2.3084242037201226,-0.05687700608710916
52.55402,-1.467487,144.52,17.69,6,115.36,24 / 24,738010,2020-01-08 17:44:31:603,1.5738,-0.7814,9.0582,-0.0264,-0.0248,9.8065,0.0191,0.2132,-0.1929,-18.56,-33.19,15.5,330.03,-83.47,-155.58,-1.741015033371063,0.3194581689080829,-0.7482309950101326
52.55402,-1.467487,144.52,17.69,6,115.36,24 / 24,738110,2020-01-08 17:44:31:703,-0.0983,2.0581,9.4439,-0.0345,0.0335,9.8065,0.0164,0.0591,-0.0537,-18.62,-33.37,16.06,332.34,-83.69,-153.73,0.5825495828924617,-1.9400043443297417,-0.36273059900365184
52.55402,-1.467487,144.52,17.69,6,115.36,24 / 24,738210,2020-01-08 17:44:31:803,-4.151,1.2088,10.0595,-0.0121,0.0104,9.8066,-0.0512,0.1355,-0.0382,-18.5,-33.56,15.13,333.21,-84.01,-152.55,4.307904338979117,-0.09317531253779189,0.2527701472452434
52.55402,-1.467487,144.52,17.69,6,115.36,24 / 24,738310,2020-01-08 17:44:31:903,-4.6232,5.8083,9.5852,-0.0409,-0.0153,9.8065,-0.0346,0.1835,-0.2422,-19.06,-33.94,15.13,333.56,-84.4,-151.12,5.926377799535534,-4.448555386654488,-0.22173202078118448
52.55402,-1.467487,144.52,17.69,6,115.36,24 / 24,738410,2020-01-08 17:44:32:003,-7.0094,4.2821,10.2378,-0.0334,0.0085,9.8065,-0.0698,-0.0048,0.0157,-18.69,-33.75,15.25,335.07,-84.86,-150.08,7.8407129342787565,-2.33490190834508,0.43093666662322133
52.55402,-1.467487,144.52,17.69,6,115.36,24 / 24,738509,2020-01-08 17:44:32:102,-3.4256,6.1691,10.6902,-0.0317,-0.0132,9.8065,-0.0278,0.2728,-0.117,-18.81,-33.87,14.69,338.08,-84.98,-147.5,4.870307550589575,-5.101006954891728,0.8832602101399147
52.55402,-1.467487,144.52,17.69,6,115.36,24 / 24,738609,2020-01-08 17:44:32:202,-1.1313,0.3933,10.429,0.0177,-0.0001,9.8066,0.1136,-0.2201,0.0485,-18.94,-33.94,14.31,335.5,-85.02,-147.82,1.2115538330830626,-0.08456705636308852,0.6223600585833101
52.55402,-1.467487,144.52,17.69,6,115.36,24 / 24,738710,2020-01-08 17:44:32:303,-0.5491,-1.5353,9.8724,0.039,-0.037,9.8064,0.1607,-0.1005,0.0739,-18.25,-33.37,15.38,335.0,-84.47,-151.41,0.1828066212360743,1.599166829360835,0.06608850962357284
52.55402,-1.467487,144.52,17.69,6,115.36,24 / 24,738810,2020-01-08 17:44:32:403,0.1151,-1.3478,10.1733,0.015,-0.0062,9.8065,0.1309,-0.106,0.0925,-18.69,-33.44,15.63,333.55,-83.81,-152.75,-0.44189880927763775,1.2706580872487725,0.3668872819658607
52.55402,-1.467487,144.52,17.69,6,115.36,24 / 24,738909,2020-01-08 17:44:32:502,0.1519,-1.1877,9.4618,-0.0012,-0.007,9.8065,0.0035,-0.0692,-0.0125,-18.69,-33.5,15.63,332.97,-83.51,-153.06,-0.4517372295206127,1.1015802740957552,-0.34462235155045007
52.55402,-1.467487,144.52,17.69,6,115.36,24 / 24,739009,2020-01-08 17:44:32:602,-0.1974,0.4594,9.2263,-0.0215,0.021,9.8065,0.0134,-0.0364,-0.0118,-18.81,-33.31,15.19,330.84,-83.7,-153.12,0.2827571009334377,-0.37834979423740267,-0.5802303551799339
52.55402,-1.467487,144.52,17.69,6,115.36,24 / 24,739109,2020-01-08 17:44:32:702,-0.5258,0.3856,10.0993,-0.0129,0.023,9.8066,-0.0146,-0.0182,0.0969,-18.31,-33.37,14.88,333.2,-83.89,-152.59,0.5889344768234477,-0.21844634449249967,0.292670183972601
52.55402,-1.467487,144.52,17.69,6,115.36,24 / 24,739210,2020-01-08 17:44:32:803,-0.3394,-0.0434,10.0702,0.0044,-0.0118,9.8066,0.0089,-0.0612,0.001,-18.69,-33.19,15.44,333.39,-83.89,-151.04,0.3241030437615877,0.11897676983981874,0.2635976199872778
52.55402,-1.467487,144.52,17.69,6,115.36,23 / 24,739309,2020-01-08 17:44:32:902,0.0385,-0.5651,9.8892,0.0046,-0.01,9.8066,0.0369,-0.0737,0.051,-19.06,-32.87,15.88,335.69,-83.71,-150.84,-0.17557764227188127,0.5276852851193841,0.08263601758750122
52.55402,-1.467487,144.52,17.69,6,115.36,23 / 24,739410,2020-01-08 17:44:33:003,0.5529,0.1549,9.5456,-0.0014,0.0003,9.8066,0.043,-0.0426,0.0305,-18.69,-33.06,16.38,336.24,-83.54,-150.27,-0.49586978064253023,-0.29199545394477694,-0.2610028074966094
52.55402,-1.467487,144.52,17.69,6,115.36,23 / 24,739511,2020-01-08 17:44:33:104,-0.414,-0.9983,10.0798,0.0005,0.0188,9.8066,0.0095,-0.1163,0.1278,-19.12,-33.06,15.31,334.28,-83.57,-150.06,0.13886455950123935,1.089489131708236,0.27325988729442346
52.55402,-1.467487,144.52,17.69,6,115.36,23 / 24,739610,2020-01-08 17:44:33:203,0.0474,-0.0218,10.3145,-0.0017,-0.0005,9.8066,0.0523,0.1258,-0.0575,-19.06,-33.12,15.94,337.51,-83.52,-149.17,-0.052912616835037396,0.007920231142848205,0.5079019934183302
52.55402,-1.467487,144.52,17.69,6,115.36,23 / 24,739709,2020-01-08 17:44:33:302,1.0098,0.7043,9.0991,0.0203,-0.0109,9.8066,-0.0996,-0.0567,0.0483,-18.37,-32.94,15.81,337.56,-83.44,-150.52,-0.7721950320638294,-0.9456686475836139,-0.7075331663132971
52.55402,-1.467487,144.52,17.69,6,115.36,23 / 24,739809,2020-01-08 17:44:33:402,1.6798,0.1413,10.8153,-0.0001,-0.0044,9.8066,-0.0016,0.025,0.032,-19.06,-32.81,15.81,337.79,-83.44,-148.89,-1.5858290189055717,-0.5730743804554475,1.0087121825687437
52.55402,-1.467487,144.52,17.69,6,115.36,23 / 24,739910,2020-01-08 17:44:33:503,-1.4928,-1.2113,10.0458,0.0264,-0.0064,9.8066,-0.0597,-0.2094,0.1099,-18.87,-32.87,15.94,339.26,-83.43,-147.63,1.158054283310353,1.5551962209770105,0.23925777137925952
52.55402,-1.467487,144.52,17.69,6,115.36,23 / 24,740009,2020-01-08 17:44:33:602,0.9272,0.2859,10.357,0.0221,0.002,9.8066,0.0204,0.0741,0.0778,-18.94,-33.31,15.88,338.9,-83.29,-147.86,-0.8015689606252346,-0.5072471683670836,0.5503933970768149
52.55402,-1.467487,144.52,17.69,6,115.36,23 / 24,740110,2020-01-08 17:44:33:703,-1.5728,-1.514,10.3489,0.0219,-0.0071,9.8066,-0.0515,-0.1379,-0.0164,-19.06,-33.5,16.0,338.53,-83.11,-148.08,1.1533199154662857,1.8664367819686039,0.5423761623666022
52.55402,-1.467487,144.52,17.69,6,115.36,23 / 24,740210,2020-01-08 17:44:33:803,0.5778,0.8376,10.0394,0.0171,-0.029,9.8065,-0.079,0.1635,-0.0553,-19.06,-32.62,16.44,338.0,-83.23,-148.6,-0.31885007824761147,-0.9817011790361613,0.23285163233377437
52.55402,-1.467487,144.52,17.69,6,115.36,23 / 24,740309,2020-01-08 17:44:33:902,1.0166,0.5198,10.1759,-0.0045,0.0186,9.8066,0.1035,0.0493,-0.0384,-19.06,-33.25,16.69,339.91,-83.13,-148.73,-0.8577600178872392,-0.7470665757086764,0.36928095425163254
52.55402,-1.467487,144.52,17.69,6,115.36,23 / 24,740409,2020-01-08 17:44:34:002,0.5352,0.1687,9.7934,-0.0283,-0.0071,9.8066,0.0668,0.2014,-0.1062,-18.94,-32.75,16.19,336.65,-83.11,-149.68,-0.49929836905622066,-0.3148633382033072,-0.013204049123957633
52.55402,-1.467487,144.52,17.69,6,115.36,23 / 24,740510,2020-01-08 17:44:34:103,1.8031,1.9812,9.8175,-0.0323,-0.0126,9.8066,0.073,0.2271,-0.2267,-18.81,-33.06,16.44,338.1,-83.13,-148.46,-1.2606264773228284,-2.3989069901397504,0.010795708929025245
52.55402,-1.467487,144.52,17.69,6,115.36,23 / 24,740609,2020-01-08 17:44:34:202,-1.4195,-2.6452,9.7494,-0.0252,-0.0383,9.8064,0.0683,0.1984,-0.1278,-19.19,-33.37,16.88,337.68,-83.12,-150.62,0.6766309628294302,2.8778790161714194,-0.056850755674298044
52.55402,-1.467487,144.52,17.69,6,115.36,23 / 24,740710,2020-01-08 17:44:34:303,2.5568,1.6593,9.478,-0.0236,-0.0292,9.8065,0.0743,0.4351,-0.2612,-19.37,-32.81,16.44,336.59,-82.84,-149.57,-2.0591058450653876,-2.2955457158932613,-0.32857517414078863
52.55402,-1.467487,144.52,17.69,6,115.36,23 / 24,740810,2020-01-08 17:44:34:403,-1.5169,-3.439,9.665,-0.0338,-0.0178,9.8065,0.0471,0.1093,-0.1462,-18.56,-32.87,16.94,336.92,-82.89,-151.13,0.5529283426655042,3.6876173803991965,-0.1412996944616134
52.55402,-1.467487,144.52,17.69,6,115.36,23 / 24,740910,2020-01-08 17:44:34:503,2.5514,-0.1532,10.2047,-0.031,-0.0307,9.8065,0.046,0.4986,-0.1754,-18.62,-33.19,16.31,336.36,-82.95,-149.83,-2.5269684529852863,-0.5460712786784829,0.3982409399089942
52.55402,-1.467487,144.52,17.69,6,115.36,23 / 24,741010,2020-01-08 17:44:34:603,-1.3998,-4.4058,10.5778,0.0065,0.0107,9.8066,0.0582,-0.1841,0.123,-18.94,-32.81,16.19,335.93,-82.93,-150.18,0.22266017260423662,4.6295966826429344,0.7714650890334465
52.55402,-1.467487,144.52,17.69,6,115.36,23 / 24,741109,2020-01-08 17:44:34:702,2.7201,-0.6837,10.3268,-0.0411,-0.0243,9.8065,0.0457,0.0383,-0.1773,-19.37,-33.44,16.06,335.62,-82.98,-150.47,-2.837884147213477,-0.07325681635696951,0.5203776473405453
52.55402,-1.467487,144.52,17.69,6,115.36,23 / 24,741210,2020-01-08 17:44:34:803,2.4551,-0.7211,9.654,0.0344,0.0395,9.8065,-0.033,-0.3266,0.2929,-19.06,-33.25,16.44,334.87,-83.03,-151.13,-2.5349043804387077,0.112182692436568,-0.15242022684123233
52.55402,-1.467487,144.52,17.69,6,115.36,23 / 23,741311,2020-01-08 17:44:34:904,0.0654,-3.1088,9.5729,0.0,0.0011,9.8066,0.041,0.1057,-0.1583,-18.94,-33.31,16.75,335.52,-83.02,-152.4,-0.8633490130867076,2.988390399696869,-0.2334998085690758
52.55402,-1.467487,144.52,17.69,6,115.36,23 / 23,741410,2020-01-08 17:44:35:003,2.1311,0.106,10.2281,0.0257,0.0297,9.8065,-0.012,-0.246,0.1893,-19.0,-32.75,16.69,332.75,-82.97,-154.72,-2.0148771451589345,-0.6154529371195389,0.4216220844632243
52.55402,-1.467487,144.52,17.69,6,115.36,23 / 23,741510,2020-01-08 17:44:35:103,-1.5793,-4.7104,11.0226,0.0245,0.0448,9.8064,0.0291,-0.6121,0.2884,-18.94,-33.56,17.0,333.41,-82.95,-154.02,0.32638018424306026,5.00768268946345,1.2164842691056763
52.55402,-1.467487,144.52,17.69,6,115.36,23 / 23,741610,2020-01-08 17:44:35:203,3.4213,0.8581,10.2121,0.0281,0.0244,9.8065,-0.1593,-0.0172,0.0702,-18.56,-32.87,16.38,332.59,-82.9,-152.99,-3.0644521601286625,-1.678690850898869,0.4055900336438389
52.55402,-1.467487,144.52,17.69,6,115.36,23 / 23,741710,2020-01-08 17:44:35:303,-2.0148,-3.8464,10.2273,0.0328,0.0593,9.8063,-0.1251,-0.497,0.2564,-18.87,-32.87,16.63,333.35,-83.11,-154.3,0.9737837000342883,4.301013228129697,0.42122412917697244
52.55402,-1.467487,144.52,17.69,6,115.36,23 / 23,741809,2020-01-08 17:44:35:402,3.0947,0.7703,10.0846,0.0279,-0.0181,9.8065,-0.1143,0.1956,-0.0907,-18.75,-33.44,16.19,332.82,-83.25,-153.02,-2.7606994915524945,-1.5509291961079388,0.2780887556191072
52.55402,-1.467487,144.52,17.69,6,115.36,23 / 23,741910,2020-01-08 17:44:35:503,0.4511,0.9905,9.7202,0.0121,0.0294,9.8065,-0.0012,-0.1007,0.0726,-18.69,-32.87,16.44,331.93,-83.28,-153.81,-0.1769425569880131,-1.0416889533586917,-0.08635598402552562
52.55402,-1.467487,144.52,17.69,6,115.36,23 / 23,742009,2020-01-08 17:44:35:602,1.0382,0.8715,9.6056,-0.0133,-0.0098,9.8066,-0.0312,0.325,-0.1378,-19.0,-32.81,17.06,335.27,-83.23,-152.73,-0.7893573885581354,-1.1221584367001127,-0.20104302044945405
52.55402,-1.467487,144.52,17.69,6,115.36,23 / 23,742109,2020-01-08 17:44:35:702,-1.9844,0.9926,9.96,-0.0469,0.0202,9.8064,0.0167,-0.0283,-0.1083,-18.94,-33.56,17.25,335.57,-83.55,-152.56,2.1224654931795888,-0.4411745775500475,0.15351284110934094
52.55402,-1.467487,144.52,17.69,6,115.36,23 / 23,742209,2020-01-08 17:44:35:802,-7.1231,1.5177,8.7472,-0.0509,-0.0156,9.8065,-0.0006,0.4705,-0.2919,-18.37,-33.19,16.38,334.62,-83.9,-153.3,7.228581396653332,0.33798295533199496,-1.0594889021893648
52.55402,-1.467487,144.52,17.69,6,115.36,23 / 24,742310,2020-01-08 17:44:35:903,-2.1576,8.1577,10.3728,-0.0245,0.0337,9.8066,-0.094,0.0378,-0.2149,-18.31,-33.69,16.13,337.72,-84.37,-150.81,4.151522577269135,-7.301710229228723,0.5656518971958647
52.55402,-1.467487,144.52,17.69,6,115.36,23 / 24,742410,2020-01-08 17:44:36:003,-3.6676,7.5072,9.236,-0.0495,-0.0414,9.8063,-0.0372,0.3663,-0.3289,-18.5,-33.94,14.88,340.12,-84.76,-147.02,5.438452114958121,-6.363540137931634,-0.5708302429274312
52.55402,-1.467487,144.52,17.69,6,115.36,23 / 24,742510,2020-01-08 17:44:36:103,-1.3891,2.9657,10.9052,0.0174,0.0144,9.8065,0.1337,0.1802,0.0557,-18.5,-33.75,14.69,336.79,-84.79,-149.95,2.118519000044253,-2.4901298092421342,1.0984927899514096
52.55402,-1.467487,144.52,17.69,6,115.36,23 / 24,742609,2020-01-08 17:44:36:202,-3.1902,-3.3563,9.6772,0.0213,-0.0695,9.8063,0.1684,0.495,-0.2269,-18.37,-33.25,15.94,336.91,-84.31,-151.56,2.2577207977480658,4.0024401353401675,-0.1289304558047553
52.55402,-1.467487,144.52,17.69,6,115.36,23 / 24,742710,2020-01-08 17:44:36:303,1.3308,-0.8015,9.0484,-0.0017,-0.0919,9.8062,0.0847,0.4343,-0.3716,-18.31,-33.62,16.0,332.73,-83.38,-154.47,-1.4702349857905082,0.3429173542498808,-0.7577374378449604
52.55402,-1.467487,144.52,17.69,6,115.36,23 / 24,742810,2020-01-08 17:44:36:403,-1.5551,-1.536,9.6388,-0.0084,-0.0092,9.8066,-0.0113,0.1717,-0.0223,-18.06,-33.0,16.13,329.43,-83.26,-157.33,1.1017953023277813,1.8733585964205268,-0.16772194545063557
52.55402,-1.467487,144.52,17.69,6,115.36,23 / 24,742910,2020-01-08 17:44:36:503,0.5964,1.548,10.0928,-0.0215,-0.008,9.8066,-0.0762,0.2129,-0.2301,-18.37,-33.5,16.13,330.34,-83.38,-156.64,-0.19674762479480074,-1.662612202420568,0.28610817272464006
52.55402,-1.467487,144.52,17.69,6,115.36,23 / 24,743010,2020-01-08 17:44:36:603,-0.9549,-0.1416,9.78,-0.0152,-0.0164,9.8066,-0.0719,0.0964,-0.0224,-18.94,-33.12,15.75,328.95,-83.68,-156.67,0.8758510680139032,0.36276138585152135,-0.026604014621649505
52.55402,-1.467487,144.52,17.69,6,115.36,23 / 24,743110,2020-01-08 17:44:36:703,0.7982,2.7999,9.1645,-0.0074,-0.037,9.8066,-0.121,0.324,-0.0791,-19.06,-33.69,15.44,327.27,-83.6,-155.99,-0.04859353575220205,-2.948628720397864,-0.6422715294390328
52.55402,-1.467487,144.52,17.69,6,115.36,23 / 24,743209,2020-01-08 17:44:36:802,0.3351,0.1403,11.809,0.052,-0.0394,9.8064,-0.0959,-0.1067,0.0995,-18.25,-33.75,16.13,333.45,-83.63,-154.02,-0.22727656354044604,-0.24660634501513296,2.0025921038153327
52.55402,-1.467487,144.52,17.69,6,115.36,22 / 22,743310,2020-01-08 17:44:36:903,-2.0203,-0.8929,8.9446,0.0323,-0.0383,9.8065,-0.1723,0.1202,0.0876,-18.44,-33.12,15.88,332.54,-83.24,-154.66,1.763593712065612,1.3539919641158078,-0.8618715158725545
52.55402,-1.467487,144.52,17.69,6,115.36,22 / 22,743409,2020-01-08 17:44:37:002,-1.7624,-3.1733,10.5125,0.0469,0.0426,9.8064,-0.0152,-0.423,0.3103,-18.62,-33.12,16.44,334.07,-83.32,-152.0,0.9209925984861185,3.5731069839143874,0.7062829638579804
52.55402,-1.467487,144.52,17.69,6,115.36,22 / 22,743510,2020-01-08 17:44:37:103,-0.1994,-0.5563,9.2612,0.0054,-0.0069,9.8066,-0.0466,-0.1269,0.0096,-18.5,-33.44,16.06,333.55,-83.41,-153.9,0.05653480007857583,0.5836289660761125,-0.5453674049088397
52.55402,-1.467487,144.52,17.69,6,115.36,22 / 22,743610,2020-01-08 17:44:37:203,2.174,1.9665,9.4435,0.0179,0.0386,9.8065,-0.0573,-0.2342,0.2149,-18.62,-33.12,15.63,330.17,-83.66,-155.59,-1.587496087540676,-2.417716302258451,-0.3630959567893402
52.55402,-1.467487,144.52,17.69,6,115.36,22 / 22,743710,2020-01-08 17:44:37:303,1.6677,0.5002,10.735,-0.0345,0.0186,9.8065,0.1889,-0.0791,-0.0123,-18.37,-33.62,16.44,334.25,-83.69,-153.37,-1.5209571164040012,-0.9033989601113923,0.9284909363745453
52.55402,-1.467487,144.52,17.69,6,115.36,22 / 22,743809,2020-01-08 17:44:37:402,0.0044,0.0191,9.1751,-0.003,0.0143,9.8066,-0.0061,-0.055,0.0872,-18.5,-33.37,16.38,333.06,-83.52,-154.4,-0.005934120354613046,-0.006505309833923958,-0.63150021152774
52.55402,-1.467487,144.52,17.69,6,115.36,22 / 22,743910,2020-01-08 17:44:37:503,0.6246,-0.971,10.763,-0.0215,-0.0023,9.8066,0.0386,-0.0155,0.0137,-18.12,-33.19,16.56,336.17,-83.58,-153.61,-0.8735571993563164,0.7697974445435781,0.9564703726864342
52.55402,-1.467487,144.52,17.69,6,115.36,22 / 22,744010,2020-01-08 17:44:37:603,1.9192,1.126,9.6282,0.0161,0.0236,9.8065,-0.0226,-0.2534,0.2505,-17.94,-33.25,17.19,336.53,-83.49,-153.25,-1.5554004627325166,-1.5549238772996021,-0.1783462820892131
52.55402,-1.467487,144.52,17.69,6,115.36,22 / 22,744110,2020-01-08 17:44:37:703,1.7699,-0.1691,9.918,-0.0113,-0.0052,9.8066,0.0707,-0.1252,-0.0344,-18.81,-33.19,16.31,333.77,-83.44,-152.33,-1.763401372249031,-0.29990802526806,0.11143332863218389
52.55402,-1.467487,144.52,17.69,6,115.36,22 / 22,744210,2020-01-08 17:44:37:803,-0.8149,-1.1219,10.1006,0.0045,-0.0191,9.8066,0.0382,0.0875,0.0346,-18.37,-33.37,16.88,335.62,-83.4,-153.97,0.508084274587001,1.2764792097320412,0.2940601928844927
52.55402,-1.467487,144.52,17.69,6,115.36,24 / 24,744309,2020-01-08 17:44:37:902,0.4665,-2.765,10.1499,0.0107,0.0363,9.8065,-0.0013,-0.2301,0.1607,-18.25,-33.19,16.5,335.33,-83.38,-154.21,-1.1611898300077952,2.5897000085966684,0.3435854102852524
52.55402,-1.467487,144.52,17.69,6,115.36,24 / 24,744410,2020-01-08 17:44:38:003,2.8746,-1.2192,10.1089,0.0152,0.003,9.8065,-0.0487,-0.0751,0.0104,-17.75,-32.87,16.13,333.82,-83.31,-153.62,-3.077586897233546,0.44534316545373176,0.3025149830339767
52.55402,-1.467487,144.52,17.69,6,115.36,24 / 24,744509,2020-01-08 17:44:38:102,0.4309,-1.4266,10.1072,0.005,0.0239,9.8066,0.0076,-0.2012,0.1548,-18.44,-33.56,15.75,333.14,-83.38,-154.12,-0.7847512802503488,1.2920709337801684,0.300698437351915
52.55402,-1.467487,144.52,17.69,6,115.36,24 / 24,744610,2020-01-08 17:44:38:203,1.1253,0.0001,9.5226,0.026,0.0148,9.8066,-0.0167,-0.0008,0.0716,-18.56,-33.0,15.38,330.3,-83.33,-153.31,-1.0660817832721863,-0.2686163568491568,-0.2839849718000609
52.55402,-1.467487,144.52,17.69,6,115.36,24 / 24,744710,2020-01-08 17:44:38:303,-0.4841,0.0021,10.0589,-0.0058,0.0048,9.8066,0.032,-0.2016,-0.0139,-18.62,-33.5,16.13,331.1,-83.31,-154.54,0.4615103580177018,0.1256557788308527,0.2522940441008954
52.55402,-1.467487,144.52,17.69,6,115.36,24 / 24,744811,2020-01-08 17:44:38:404,1.0828,0.4488,9.7342,0.0053,0.0028,9.8066,0.0639,-0.0151,-0.0144,-18.87,-33.31,16.44,329.55,-83.3,-155.87,-0.9264764025332446,-0.7082101274712782,-0.0724147836851936
52.55402,-1.467487,144.52,17.69,6,115.36,24 / 24,744910,2020-01-08 17:44:38:503,0.9572,-0.155,10.4597,-0.0023,0.0213,9.8066,0.0841,0.0368,0.0305,-18.69,-33.37,16.25,328.99,-83.24,-156.3,-0.9725391236066612,-0.0765426292428026,0.6531235939414428
52.55402,-1.467487,144.52,17.69,6,115.36,24 / 24,745009,2020-01-08 17:44:38:602,0.6594,-1.3719,10.1214,-0.0032,-0.017,9.8065,-0.0475,0.0153,-0.0563,-18.5,-33.25,16.31,330.26,-83.11,-156.51,-0.9888853679762543,1.1387881469194983,0.31499534193083484
52.55402,-1.467487,144.52,17.69,6,115.36,24 / 24,745110,2020-01-08 17:44:38:703,0.3482,0.2762,9.5213,-0.0049,0.0032,9.8066,-0.0083,0.0353,0.0424,-18.5,-33.75,15.69,330.68,-83.07,-155.97,-0.2709809434573914,-0.35464141676111627,-0.28531297517044335
52.55402,-1.467487,144.52,17.69,6,115.36,24 / 24,745211,2020-01-08 17:44:38:804,0.2794,-0.0372,9.6764,0.011,0.0097,9.8065,-0.0409,-0.1467,0.0251,-18.19,-33.5,15.5,331.41,-83.09,-155.51,-0.2714347836315671,-0.02372773403365251,-0.13009355430809305
52.55402,-1.467487,144.52,17.69,6,115.36,24 / 24,745312,2020-01-08 17:44:38:905,-0.0325,-1.4969,10.4689,0.0003,-0.0279,9.8065,-0.0479,0.0944,-0.1319,-18.5,-33.94,16.88,332.74,-83.2,-156.18,-0.3462430860826472,1.4279455041924773,0.6624937451753458
52.55402,-1.467487,144.52,17.69,6,115.36,24 / 24,745411,2020-01-08 17:44:39:004,0.7132,-0.2374,9.7231,0.0081,-0.0068,9.8066,-0.0488,0.0589,-0.0063,-18.06,-33.31,16.06,330.45,-83.15,-156.38,-0.7406957246011657,0.04142692813971011,-0.08347618332471382
52.55402,-1.467487,144.52,17.69,6,115.36,24 / 24,745510,2020-01-08 17:44:39:103,-0.4204,-0.8404,9.2854,0.0021,-0.0034,9.8066,-0.0602,0.0392,-0.012,-18.75,-33.25,16.81,331.34,-83.2,-156.09,0.19291009986497182,0.9175572069792449,-0.5211517584068331
52.55402,-1.467487,144.52,17.69,6,115.36,24 / 24,745610,2020-01-08 17:44:39:203,0.156,0.1244,10.0027,-0.0043,-0.0134,9.8066,-0.0113,0.0767,-0.0422,-19.0,-33.25,16.44,328.92,-83.23,-156.36,-0.11944328003008468,-0.17441585899241313,0.19609322014693403
52.55402,-1.467487,144.52,17.69,6,115.36,24 / 24,745710,2020-01-08 17:44:39:303,1.1353,-0.4112,10.4314,0.017,-0.0033,9.8066,-0.0169,-0.0612,0.0283,-18.75,-33.12,16.31,328.65,-83.25,-156.6,-1.185582048850185,0.10640454121909515,0.6248404748831119
52.55402,-1.467487,144.52,17.69,6,115.36,24 / 24,745809,2020-01-08 17:44:39:402,0.093,-0.4176,9.7234,0.006,0.0056,9.8066,-0.0612,-0.0563,-0.0132,-18.56,-33.25,16.0,327.59,-83.23,-157.51,-0.1929583288199424,0.3865734370128496,-0.08317175683540289
52.55402,-1.467487,144.52,17.69,6,115.36,24 / 24,745909,2020-01-08 17:44:39:502,-0.1659,-0.2487,10.2033,-0.0064,-0.0052,9.8066,-0.0077,-0.0723,-0.0582,-18.06,-34.19,16.25,328.46,-83.37,-158.1,0.091491850314416,0.27631680925079133,0.3967135644914439
52.55402,-1.467487,144.52,17.69,6,115.36,24 / 24,746010,2020-01-08 17:44:39:603,-2.7573,1.8605,9.9241,0.0061,0.0127,9.8066,-0.0763,0.0742,0.0129,-18.75,-33.0,16.44,327.43,-83.54,-157.88,3.145791103178775,-1.0746063780633488,0.11734614346811449
52.55402,-1.467487,144.52,17.69,6,115.36,24 / 24,746110,2020-01-08 17:44:39:703,-6.1141,2.0528,9.4264,-0.0436,0.0552,9.8063,-0.0142,-0.0468,0.1347,-18.56,-33.44,15.44,328.07,-84.25,-155.94,6.380083245380789,-0.368452654565584,-0.3801058317823145
52.55402,-1.467487,144.52,17.69,6,115.36,24 / 24,746209,2020-01-08 17:44:39:802,-3.8841,4.7118,11.0264,-0.0774,0.0131,9.8063,-0.0048,0.1333,-0.1545,-18.06,-34.5,15.0,333.65,-84.6,-152.58,4.887505708019153,-3.5611639144389593,1.219750022987497
52.553425,-1.465492,144.78,15.46,6,116.73,23 / 23,746310,2020-01-08 17:44:39:903,-3.2412,3.413,11.3874,-0.0008,0.0071,9.8066,0.0339,-0.1295,0.0728,-18.25,-34.25,15.88,336.5,-84.89,-152.17,4.007657332869858,-2.4576108613938223,1.580540150155501
52.553425,-1.465492,144.78,15.46,6,116.73,23 / 23,746410,2020-01-08 17:44:40:003,-1.7274,0.6912,8.4276,0.05,-0.0264,9.8064,0.1713,0.234,-0.1585,-18.69,-33.69,15.44,330.44,-84.6,-154.0,1.9021537912355098,-0.23605471216723042,-1.3788687708959195
52.553425,-1.465492,144.78,15.46,6,116.73,23 / 23,746509,2020-01-08 17:44:40:102,1.6077,0.6314,9.7297,0.0492,-0.0183,9.8065,0.1651,0.0415,-0.0327,-18.5,-33.37,16.44,330.93,-83.97,-156.55,-1.3388735562033103,-1.028808344752871,-0.07682167836202863
52.553425,-1.465492,144.78,15.46,6,116.73,23 / 23,746610,2020-01-08 17:44:40:203,-1.2047,-0.6153,9.4404,0.0123,0.0001,9.8066,-0.0102,0.0189,-0.016,-18.56,-32.69,15.88,330.16,-83.84,-155.73,1.017682582630189,0.9078247588224082,-0.36617614378900243
52.553425,-1.465492,144.78,15.46,6,116.73,23 / 23,746710,2020-01-08 17:44:40:303,1.1103,1.7173,10.2021,0.0025,0.0127,9.8066,0.0449,0.2664,-0.1594,-18.81,-32.62,16.38,330.68,-83.8,-155.24,-0.6319185122134241,-1.932261936197769,0.39540492389855353
52.553425,-1.465492,144.78,15.46,6,116.73,23 / 23,746809,2020-01-08 17:44:40:402,-0.8959,-0.601,9.5964,0.0412,0.0318,9.8064,-0.0187,0.0175,-0.0395,-18.37,-32.81,15.56,330.74,-83.98,-156.73,0.7427332542734243,0.8526145415000763,-0.20997144238925508
52.553425,-1.465492,144.78,15.46,6,116.73,23 / 23,746910,2020-01-08 17:44:40:503,0.639,0.4853,10.4038,-0.0012,0.0011,9.8066,0.0373,0.1363,-0.0513,-18.19,-32.94,15.56,332.88,-84.07,-154.92,-0.4940505741082336,-0.632650761596555,0.597177163055173
52.553425,-1.465492,144.78,15.46,6,116.73,23 / 23,747010,2020-01-08 17:44:40:603,-2.2654,-0.8686,8.9864,0.0216,0.0053,9.8066,-0.0028,-0.0766,0.0699,-17.94,-33.5,15.38,330.43,-84.08,-155.12,1.985138021180778,1.4329483850200044,-0.8201732821367846
52.553425,-1.465492,144.78,15.46,6,116.73,23 / 23,747110,2020-01-08 17:44:40:703,-0.5208,0.1512,10.5868,0.0167,-0.0065,9.8066,0.1482,0.0775,-0.1427,-18.44,-33.5,15.75,333.37,-83.99,-154.45,0.5600018023850889,-0.014143695845486172,0.7801830023739837
52.553425,-1.465492,144.78,15.46,6,116.73,23 / 23,747210,2020-01-08 17:44:40:803,-0.824,-0.3109,10.0769,0.0451,-0.0051,9.8065,0.1355,-0.0593,-0.0309,-18.44,-32.81,16.13,333.17,-83.94,-154.58,0.761169985982538,0.5190993390487295,0.27040846628483234
52.553425,-1.465492,144.78,15.46,6,116.73,24 / 24,747309,2020-01-08 17:44:40:902,-0.2158,-0.195,8.4472,0.0609,-0.0262,9.8064,0.0796,0.037,-0.0834,-17.81,-33.19,16.0,333.92,-83.89,-153.9,0.22391505448649854,0.23438891418054936,-1.359192721906489
52.553425,-1.465492,144.78,15.46,6,116.73,24 / 24,747409,2020-01-08 17:44:41:002,-1.8043,-1.9127,7.798,-0.0405,0.0454,9.8064,0.3878,0.1022,-0.3357,-18.37,-33.06,16.81,335.36,-83.93,-154.51,1.2005644838195761,2.346104086746307,-2.0082970757194545
52.553425,-1.465492,144.78,15.46,6,116.73,24 / 24,747510,2020-01-08 17:44:41:103,-3.0713,-1.7496,6.6402,0.0543,0.0212,9.8064,-0.1459,0.0677,0.0056,-17.81,-33.5,16.56,333.57,-83.99,-156.11,2.5646755547495035,2.5155541229032505,-3.166126528364712
52.553425,-1.465492,144.78,15.46,6,116.73,24 / 24,747609,2020-01-08 17:44:41:202,-0.2462,-0.5049,10.7056,-0.0406,0.0237,9.8064,0.3119,0.2307,-0.3612,-17.5,-32.81,16.63,338.77,-84.14,-153.22,0.06270119721318956,0.563650318669607,0.8992312484181608
52.553425,-1.465492,144.78,15.46,6,116.73,24 / 24,747710,2020-01-08 17:44:41:303,1.4497,-0.4294,11.294,0.0697,-0.0018,9.8063,-0.0505,-0.0767,0.1675,-18.25,-33.44,16.5,338.38,-83.98,-151.92,-1.4435154504787095,0.05805811180345484,1.487745089013258
52.553425,-1.465492,144.78,15.46,6,116.73,24 / 24,747809,2020-01-08 17:44:41:402,2.2114,-0.7929,11.6666,-0.0395,-0.016,9.8065,0.1167,0.2175,-0.0538,-17.87,-33.06,16.63,336.18,-83.88,-153.77,-2.374956498262575,0.17150363187218626,1.8601786380923264
52.553425,-1.465492,144.78,15.46,6,116.73,24 / 24,747910,2020-01-08 17:44:41:503,-0.2714,-1.5603,10.2274,0.0348,0.012,9.8065,-0.005,-0.2242,-0.0497,-18.0,-32.87,16.19,333.92,-83.76,-153.82,-0.10863221297104829,1.5981249082719258,0.4209968644370895
