GPS LATITUDE (degrees),GPS LONGITUDE (degrees),GPS ALTITUDE (m),GPS SPEED (Kmh),GPS ACCURACY (m),GPS ORIENTATION (Â°),GPS SATELLITES IN RANGE,TIME SINCE START (ms),DATE (YYYY-MO-DD HH-MI-SS_SSS),ACCELEROMETER X (m/s²),ACCELEROMETER Y (m/s²),ACCELEROMETER Z (m/s²),GRAVITY X (m/s²),GRAVITY Y (m/s²),GRAVITY Z (m/s²),GYROSCOPE Yaw (rad/s),GYROSCOPE Pitch (rad/s),GYROSCOPE Roll (rad/s),MAGNETIC FIELD X (Î¼T),MAGNETIC FIELD Y (Î¼T),MAGNETIC FIELD Z (Î¼T),ORIENTATION (Yaw) (Â°),ORIENTATION (Pitch) (Â°),ORIENTATION (Roll ) (Â°),accel_lateral,accel_forward,accel_vertical,accel_forward_filt,accel_lateral_filt,accel_vertical_filt,is_idle,is_harsh_brake,is_sharp_turn
52.55524,-1.471688,145.46,19.6,6,117.41,24 / 24,721109,2020-01-08 17:44:14:702,-0.1687,-0.2846,10.0584,0.0195,0.0185,9.8065,-0.0271,-0.2015,0.1056,-18.06,-34.19,14.19,325.26,-84.45,-157.77,0.1038870249182037,0.341303035882305,0.2519170175894574,0.1422247389955969,-0.0791569332442853,-0.0133155931449941,False,False,False
52.55524,-1.471688,145.46,19.6,6,117.41,24 / 24,721210,2020-01-08 17:44:14:803,1.1332,1.2415,9.9383,0.0047,-0.0014,9.8066,-0.0486,-0.088,-0.0027,-18.19,-33.94,14.31,326.23,-84.51,-156.97,-0.7707197216389231,-1.4914157514981927,0.1316347859036593,-1.7398490307915944,-0.8958925530296462,-0.2135366046020493,False,False,False
52.55524,-1.471688,145.46,19.6,6,117.41,24 / 24,721310,2020-01-08 17:44:14:903,0.2329,-0.2462,9.7103,0.0015,0.029,9.8066,0.0832,-0.1734,0.1276,-18.12,-34.0,14.06,326.27,-84.57,-156.98,-0.2944185812328983,0.2064041359843131,-0.0962793938149609,0.1969026823817487,-0.5387774164176273,-0.1283580876047908,False,False,False
52.55524,-1.471688,145.46,19.6,6,117.41,24 / 24,721410,2020-01-08 17:44:15:003,3.015,1.0652,9.6285,0.0021,-0.0177,9.8065,0.0348,0.2479,-0.1361,-18.56,-33.94,14.13,325.7,-84.25,-155.88,-2.632855537045053,-1.8216200402209253,-0.1780308122677545,-2.177382453852092,-2.0408488248140597,-0.6627372171069823,False,False,False
52.55524,-1.471688,145.46,19.6,6,117.41,24 / 24,721510,2020-01-08 17:44:15:103,0.1198,-1.2873,9.4305,0.019,0.0002,9.8065,-0.0616,-0.0653,0.0789,-18.0,-34.25,15.19,327.76,-84.14,-157.37,-0.4286773402530687,1.21824285633075,-0.3759161754336329,1.4321657612682173,-0.6958474707957072,-0.2084298895535593,False,False,False
52.55524,-1.471688,145.46,19.6,6,117.41,24 / 24,721609,2020-01-08 17:44:15:202,-0.8726,-1.3539,10.3935,-0.006,-0.0061,9.8065,-0.0322,0.1875,-0.0586,-17.5,-33.87,15.13,330.15,-84.05,-156.69,0.4906678410621312,1.5253580138811107,0.5870752926466082,1.0190601547027698,0.4896807771564495,0.0048625922021564,False,False,False
52.55524,-1.471688,145.46,19.6,6,117.41,24 / 24,721709,2020-01-08 17:44:15:302,-0.6164,-0.0461,9.5314,0.0186,-0.0025,9.8066,-0.1242,0.0092,0.0164,-18.0,-34.37,14.38,325.26,-84.07,-157.43,0.6023965982710879,0.2055270269511195,-0.2752053407622301,0.6742568038296827,0.3687489020444282,0.030216168300223,False,False,False
52.55524,-1.471688,145.46,19.6,6,117.41,24 / 24,721810,2020-01-08 17:44:15:403,1.5978,-1.5683,10.8771,0.0189,-0.0059,9.8066,-0.0764,0.0278,-0.0101,-17.69,-34.31,14.88,328.47,-84.18,-156.78,-1.9277033110671449,1.1035040379864616,1.0706203821375455,0.4289906420837871,-1.9406539067940531,0.4574531539050674,False,False,False
52.55524,-1.471688,145.46,19.6,6,117.41,24 / 24,721910,2020-01-08 17:44:15:503,2.3424,-0.8272,9.384,0.0021,-0.0094,9.8066,0.0279,0.0812,-0.0442,-18.06,-34.25,14.69,328.02,-84.17,-157.17,-2.471935839873093,0.1881589219282796,-0.4225175897518295,0.8948824873176404,-2.148887717766946,-0.0608807533276295,False,False,False
52.55524,-1.471688,145.46,19.6,6,117.41,24 / 24,722010,2020-01-08 17:44:15:603,0.4081,-1.1291,10.0577,0.0148,-0.0265,9.8065,-0.0675,0.0286,0.0115,-18.31,-34.12,14.94,327.19,-84.01,-157.76,-0.6637392570413728,0.964273717359614,0.2512757184282604,0.168690757240478,-0.7256785745823633,-0.3121942372148502,False,False,False
52.55524,-1.471688,145.46,19.6,6,117.41,24 / 24,722110,2020-01-08 17:44:15:703,1.6329,1.339,9.0392,0.0212,-0.0343,9.8065,-0.1,0.2358,-0.0881,-18.31,-34.19,15.06,328.03,-83.94,-156.97,-1.2041279478856175,-1.741695225725741,-0.7673673799458328,-0.8882518186746173,-1.2409664282119883,-0.4385721612165013,False,False,False
52.55524,-1.471688,145.46,19.6,6,117.41,24 / 24,722210,2020-01-08 17:44:15:803,0.7364,-1.3642,9.9384,0.009,0.0059,9.8066,0.0505,-0.0527,0.1056,-18.12,-33.69,14.5,329.08,-84.05,-156.15,-1.0554199228142809,1.1368148218376757,0.1318971469625966,0.3408220331072946,-1.1749999854538884,-0.3015470490618914,False,False,False
52.55524,-1.471688,145.46,19.6,6,117.41,24 / 24,722310,2020-01-08 17:44:15:903,2.5897,1.9661,10.2029,-0.0218,-0.0492,9.8064,-0.0456,0.2494,-0.1946,-17.5,-34.0,15.31,331.05,-83.85,-155.77,-2.0050557683293846,-2.619388021545749,0.3964042740330974,-1.7738396358138795,-1.9286422294722545,0.611463868231334,False,False,False
52.55524,-1.471688,145.46,19.6,6,117.41,24 / 24,722410,2020-01-08 17:44:16:003,0.7128,-2.2873,10.6488,0.0255,-0.0005,9.8066,-0.0389,-0.2978,0.1464,-17.81,-33.81,15.06,329.15,-83.93,-156.0,-1.2525065012775565,2.0329292224456275,0.8423553945835878,1.4003094761811148,-1.4093611338856586,0.6032587784087632,False,False,False
52.55524,-1.471688,145.46,19.6,6,117.41,24 / 24,722510,2020-01-08 17:44:16:103,-0.1798,-1.976,10.0756,-0.0159,-0.0168,9.8065,-0.0107,0.1517,-0.0232,-18.5,-34.5,14.94,329.75,-83.87,-155.43,-0.3456912145373712,1.9353963307186808,0.2692234893770324,2.601799775589144,-0.1958287177491318,0.3130735222024169,False,False,False
52.55524,-1.471688,145.46,19.6,6,117.41,24 / 24,722610,2020-01-08 17:44:16:203,0.1368,-2.6434,10.2455,0.0001,0.0297,9.8065,0.057,-0.291,0.1209,-17.94,-34.37,15.56,331.67,-83.97,-155.79,-0.8198452672626394,2.547911345182198,0.4391731035012221,2.227820357923008,-0.9746209640946764,0.4286865831134168,False,False,False
52.55524,-1.471688,145.46,19.6,6,117.41,24 / 24,722709,2020-01-08 17:44:16:302,1.4374,-1.1121,9.8731,-0.0244,-0.0015,9.8066,-0.0068,0.0074,0.0128,-18.37,-33.87,15.0,330.53,-83.97,-154.84,-1.698331234562156,0.6971016066257063,0.0665899222889137,1.0587262833337523,-1.5121019156633058,-0.0824862639567122,False,False,False
52.55524,-1.471688,145.46,19.6,6,117.41,24 / 24,722810,2020-01-08 17:44:16:403,1.1366,0.2042,9.6503,0.0156,0.028,9.8065,0.0142,-0.2138,0.1338,-18.25,-34.5,15.13,330.87,-83.91,-154.49,-1.037931022705607,-0.458680270752673,-0.1561969312360097,-0.3912546124377872,-1.147571576400093,0.0563037012256589,False,False,False
52.55524,-1.471688,145.46,19.6,6,117.41,24 / 24,722910,2020-01-08 17:44:16:503,2.4448,0.685,9.141,-0.0015,-0.0077,9.8066,0.0077,0.0549,-0.0551,-18.25,-34.31,15.19,329.17,-84.01,-156.04,-2.1857388175576595,-1.2987476345335325,-0.6656130581765953,-1.271665627748003,-1.8160146171856717,-0.986937820072642,False,False,False
52.55524,-1.471688,145.46,19.6,6,117.41,24 / 24,723009,2020-01-08 17:44:16:602,1.4055,0.0259,8.8008,-0.0108,0.0451,9.8065,0.0723,-0.2397,0.1337,-17.62,-34.12,15.44,327.59,-83.96,-157.38,-1.3735884356760606,-0.345786234189941,-1.0056806200885702,0.0746011418648989,-1.40674436897688,-0.6181445156288701,False,False,False
52.55524,-1.471688,145.46,19.6,6,117.41,24 / 24,723110,2020-01-08 17:44:16:703,0.5218,-1.8939,11.0529,-0.0307,0.021,9.8065,0.1303,-0.0898,-0.0107,-17.94,-33.87,15.38,328.18,-84.26,-157.11,-1.0265470594425647,1.7082083437896511,1.2465298267419191,1.483597837080035,-0.8660922914758213,0.8135099892788973,False,False,False
52.55524,-1.471688,145.46,19.6,6,117.41,24 / 24,723210,2020-01-08 17:44:16:803,0.7474,-0.0331,9.5598,-0.0069,0.017,9.8066,0.0706,-0.1955,0.0585,-17.69,-33.94,14.81,327.22,-84.15,-157.85,-0.7418033747393736,-0.1456454911427547,-0.24678712311436,0.487619634008159,-0.6897923515859749,0.2337433902970764,False,False,False
52.55524,-1.471688,145.46,19.6,6,117.41,24 / 24,723310,2020-01-08 17:44:16:903,0.4435,-1.6187,10.4629,0.0011,0.0265,9.8066,0.0674,-0.1349,0.1298,-17.81,-34.37,14.69,326.89,-84.16,-158.15,-0.8507797542409528,1.475950110864609,0.6564111287999713,1.1703979709903038,-0.7106290424997292,0.1980885751192346,False,False,False
52.55524,-1.471688,145.46,19.6,6,117.41,24 / 24,723410,2020-01-08 17:44:17:003,1.4678,0.8757,9.2868,0.0081,0.0192,9.8066,-0.0226,-0.1238,0.1031,-17.81,-34.12,15.06,327.41,-83.99,-157.55,-1.1902050794932522,-1.2032001388607614,-0.519836199772492,-0.5590643267437876,-1.0695486595066452,-0.0429983760020079,False,False,False
52.55524,-1.471688,145.46,19.6,6,117.41,24 / 24,723510,2020-01-08 17:44:17:103,0.0064,-0.9725,10.2747,-0.0116,0.0177,9.8065,0.0598,-0.1775,0.0594,-18.25,-34.25,15.56,329.55,-84.06,-157.7,-0.2721483653454405,0.9522056766499376,0.4682637041192053,0.76587798770259,-0.1269179029207514,0.0733490159657521,False,False,False
52.55524,-1.471688,145.46,19.6,6,117.41,24 / 24,723610,2020-01-08 17:44:17:203,0.5006,0.7031,9.4242,-0.0003,0.0162,9.8066,-0.0394,-0.0203,0.0589,-18.5,-34.44,15.0,327.52,-84.1,-157.55,-0.3073159335109241,-0.7926288973625479,-0.3824376133124716,-0.3336462569365739,-0.1525686830769197,0.0051880052244679,False,False,False
52.55524,-1.471688,145.46,19.6,6,117.41,24 / 24,723710,2020-01-08 17:44:17:303,0.2005,-0.3231,10.6682,-0.0172,0.0182,9.8065,0.0132,-0.0594,0.0485,-18.31,-34.44,15.19,328.59,-84.23,-156.72,-0.2981589605691167,0.273747519813196,0.861724665788597,0.3658750953564029,-0.1114599648144584,0.5955344919181745,False,False,False
52.55524,-1.471688,145.46,19.6,6,117.41,24 / 24,723809,2020-01-08 17:44:17:402,-0.8369,0.9877,8.6744,-0.0149,0.0074,9.8066,-0.0215,0.1803,-0.0626,-17.25,-34.19,15.13,330.83,-84.24,-156.25,1.0465149039359751,-0.7357394254119062,-1.1322733697011658,-0.5863600697605724,1.196845331994872,-0.8849848175108954,False,False,False
52.55524,-1.471688,145.46,19.6,6,117.41,24 / 24,723910,2020-01-08 17:44:17:503,-2.7853,4.6727,8.8534,-0.0555,0.0139,9.8065,-0.0297,0.1119,-0.1206,-17.69,-33.56,15.13,331.94,-84.53,-154.02,3.8365315756651377,-3.799554565741349,-0.9534336163983574,-3.3643640727269304,2.260096850177833,-1.0672572610152482,False,False,False
52.55524,-1.471688,145.46,19.6,6,117.41,24 / 24,724009,2020-01-08 17:44:17:602,-4.7521,4.2158,9.8637,-0.0325,-0.0222,9.8065,-0.0835,0.287,-0.2327,-18.62,-34.37,14.31,328.59,-84.88,-153.85,5.651105643251393,-2.881026042096657,0.056867860634403,-3.0579015854702507,2.118894026105306,0.1584541899585344,False,False,False
52.55524,-1.471688,145.46,19.6,6,117.41,24 / 24,724110,2020-01-08 17:44:17:703,-6.0158,7.7592,9.6249,-0.004,0.0244,9.8066,-0.1284,0.2623,-0.2196,-18.0,-34.19,13.06,328.52,-85.34,-153.51,7.799485309389978,-5.92762099722503,-0.1822728500541088,-5.194340831475689,2.347102942258364,-0.1646937789584784,False,False,False
52.55524,-1.471688,145.46,19.6,6,117.41,24 / 24,724210,2020-01-08 17:44:17:803,-6.0878,3.8941,10.7239,-0.0398,-0.0289,9.8065,0.1129,-0.0528,-0.0934,-17.62,-34.44,12.75,329.48,-85.6,-152.86,6.85376299793912,-2.2348980409088868,0.9170710304126916,-2.654088128478897,2.083009779767579,0.907352255724623,False,False,False
52.55524,-1.471688,145.46,19.6,6,117.41,24 / 24,724310,2020-01-08 17:44:17:903,-2.1855,2.0282,8.9452,0.0287,-0.0341,9.8065,0.0496,0.1251,0.077,-18.62,-34.81,13.75,330.31,-85.22,-152.48,2.670240531012033,-1.423130990817201,-0.8614605675921747,-0.5184227899776055,2.4223142708416923,-0.7636125658423836,False,False,False
52.55524,-1.471688,145.46,19.6,6,117.41,24 / 24,724410,2020-01-08 17:44:18:003,-1.9787,-0.7476,9.2737,-0.0062,-0.0306,9.8066,0.2156,0.0956,-0.0883,-18.31,-34.25,14.88,334.2,-84.86,-152.27,1.72160283225261,1.2003961796480755,-0.5328793107881901,0.6790063512881659,1.7891467055936146,-0.6008256031330673,False,False,False
52.55524,-1.471688,145.46,19.6,6,117.41,24 / 24,724509,2020-01-08 17:44:18:102,1.2553,0.7271,9.7209,0.0004,-0.0445,9.8065,0.04,0.15,-0.1056,-18.62,-33.87,14.38,328.65,-84.27,-153.31,-1.0141311140918792,-1.0684909626368495,-0.0856333824751928,-0.1452560978140336,-0.5506685051361158,0.0362179604552288,False,False,False
52.55524,-1.471688,145.46,19.6,6,117.41,24 / 24,724610,2020-01-08 17:44:18:203,0.1597,-0.685,10.2763,-0.0008,-0.0103,9.8066,0.0233,0.1263,-0.0597,-18.44,-33.81,14.75,331.09,-84.17,-154.5,-0.3286762030471781,0.6106633536181817,0.4697453055627987,0.1234778988727518,-0.2398182787701368,0.38971196456507,False,False,False
52.55524,-1.471688,145.46,19.6,6,117.41,24 / 24,724709,2020-01-08 17:44:18:302,0.4391,-0.0775,10.0633,-0.0165,0.0033,9.8066,0.0267,0.0081,-0.081,-18.0,-33.62,14.63,330.93,-84.27,-154.71,-0.4610435260419614,-0.0391562394231876,0.2567110165322662,0.7815724564928108,0.0005890098113348,0.3640512252810622,False,False,False
52.55524,-1.471688,145.46,19.6,6,117.41,24 / 24,724810,2020-01-08 17:44:18:403,-1.7043,-0.6316,8.8511,-0.0439,-0.0015,9.8065,0.1476,0.2062,-0.1585,-18.44,-33.44,15.25,332.82,-84.52,-153.35,1.442356099793893,1.0361465063779136,-0.955380881485595,0.6653108679077696,1.588890973324065,-1.0256016119223768,False,False,False
52.55524,-1.471688,145.46,19.6,6,117.41,24 / 24,724910,2020-01-08 17:44:18:503,-2.1127,-0.1563,9.5122,-0.0079,0.008,9.8066,0.0266,0.0152,-0.0196,-18.12,-33.56,14.69,331.12,-84.54,-154.75,1.9916595589516872,0.7003285325069808,-0.294416436010271,1.3681157591389232,2.4179350997794367,-0.2124172388385567,False,True,False
52.55524,-1.471688,145.46,19.6,6,117.41,24 / 24,725009,2020-01-08 17:44:18:602,-0.5131,0.7357,9.2274,-0.0347,-0.0185,9.8066,0.0937,0.2652,-0.1881,-18.0,-34.12,14.31,328.06,-84.45,-155.31,0.6563252534106412,-0.6056882492161415,-0.5792544747319118,-0.8561746171332654,0.8788794155113885,-0.6439498819470364,False,True,False
52.55524,-1.471688,145.46,19.6,6,117.41,24 / 24,725110,2020-01-08 17:44:18:703,1.6171,2.1083,10.1086,-0.0058,0.0116,9.8066,0.0096,0.0786,-0.0264,-17.81,-34.25,14.31,329.3,-84.47,-154.25,-1.028796938287949,-2.443685897915781,0.3018863893866108,-1.90070090319574,-0.6472319944078624,0.3700149568526872,False,True,False
52.55524,-1.471688,145.46,19.6,6,117.41,24 / 24,725210,2020-01-08 17:44:18:803,1.4753,0.5819,10.4028,-0.0462,-0.0363,9.8064,0.0973,0.3008,-0.2553,-18.69,-33.69,14.44,327.29,-84.52,-154.7,-1.3112043571954055,-0.988888588199375,0.5963798653549849,-1.1855324797715503,-1.0222520678070728,0.5177964891678947,False,True,False
52.55524,-1.471688,145.46,19.6,6,117.41,24 / 24,725310,2020-01-08 17:44:18:903,0.9277,-0.4448,9.5501,0.0108,0.0003,9.8066,-0.0375,0.0771,-0.0278,-18.25,-34.19,14.81,332.16,-84.56,-153.85,-1.0005589053316182,0.1942219334127459,-0.2564597191431992,0.6978072130788975,-0.6447824586170897,-0.1828522488244112,False,True,False
52.55524,-1.471688,145.46,19.6,6,117.41,24 / 24,725409,2020-01-08 17:44:19:002,0.5408,-1.5429,10.5903,0.0048,-0.0274,9.8066,0.0143,0.1719,-0.1069,-18.5,-33.87,13.88,329.94,-84.45,-153.68,-0.9078545553285552,1.3265267861882617,0.7838040137012774,1.078958124045538,-0.5878453622767147,0.6720943106877724,False,False,False
52.55524,-1.471688,145.46,19.6,6,117.41,24 / 24,725510,2020-01-08 17:44:19:103,-0.4654,-0.4252,10.0919,0.0384,-0.0221,9.8065,-0.1324,0.0912,0.0145,-18.62,-33.69,14.38,327.41,-84.33,-154.44,0.3831342058295006,0.5191350166866149,0.2854193840179509,1.0863849781441677,0.7521375295027541,0.3777241627837491,False,False,False
52.55524,-1.471688,145.46,19.6,6,117.41,24 / 24,725610,2020-01-08 17:44:19:203,0.0724,-0.8515,10.4404,0.0202,-0.0154,9.8065,-0.0254,0.0603,-0.005,-18.44,-33.75,14.63,331.68,-84.33,-154.1,-0.2655439369479003,0.7944845303917863,0.6339542637433342,0.3962788311597847,0.0377222591560343,0.4812337058001423,False,False,False
52.55524,-1.471688,145.46,19.6,6,117.41,24 / 24,725710,2020-01-08 17:44:19:303,1.2955,0.3595,9.1299,-0.0098,-0.0113,9.8066,-0.0093,0.0953,-0.1325,-18.75,-33.87,15.19,329.72,-84.17,-154.31,-1.1659729881228609,-0.6941168408948671,-0.6767070430799265,0.0142995794389776,-0.7413933273476618,-0.5662463337859885,False,False,False
52.55524,-1.471688,145.46,19.6,6,117.41,24 / 24,725809,2020-01-08 17:44:19:402,0.7234,-0.9721,8.9963,-0.0049,-0.0098,9.8066,-0.0925,-0.0564,0.0127,-18.19,-34.19,14.88,330.09,-84.26,-155.43,-0.9513942499786124,0.7425673371154146,-0.8102289805708973,0.1388052671513079,-0.706613693576205,-0.9964672771339712,False,False,False
52.55524,-1.471688,145.46,19.6,6,117.41,24 / 24,725910,2020-01-08 17:44:19:503,1.4983,-0.0531,10.1278,-0.0204,0.0052,9.8065,-0.0072,0.1171,-0.0358,-18.25,-34.37,15.06,332.96,-84.41,-153.05,-1.482562775612738,-0.3344268086990106,0.3213231955381527,0.533931252500347,-0.974946119350621,0.4347639180283051,False,False,False
52.55524,-1.471688,145.46,19.6,6,117.41,24 / 24,726010,2020-01-08 17:44:19:603,-0.2121,-1.2085,10.0531,-0.0049,-0.013,9.8065,-0.0536,0.0712,-0.0901,-18.19,-34.37,15.13,333.47,-84.39,-152.59,-0.1073577453693745,1.2085486801934582,0.2466739793976157,0.4133521394420778,0.0595086027329693,0.0480394453046873,False,False,False
52.55524,-1.471688,145.46,19.6,6,117.41,24 / 24,726110,2020-01-08 17:44:19:703,-0.2901,-0.6674,10.7364,-0.0136,-0.0052,9.8066,0.0269,0.2288,-0.1698,-18.37,-34.25,14.69,332.29,-84.45,-153.66,0.0968413408268093,0.7109926140628533,0.9298389040338852,1.6856836855250834,0.6872330744904946,1.0203615490467377,False,False,False
52.55524,-1.471688,145.46,19.6,6,117.41,24 / 24,726210,2020-01-08 17:44:19:803,-1.1936,-4.5839,11.1332,0.0278,-0.0478,9.8065,-0.1566,0.2822,-0.1247,-17.81,-34.37,15.44,330.68,-84.52,-155.12,0.013229177493848,4.697564908555494,1.3269751236443184,3.7964367218500135,0.1137660761795403,1.1447203166840132,False,False,False
52.55524,-1.471688,145.46,19.6,6,117.41,24 / 24,726310,2020-01-08 17:44:19:903,3.3763,0.9835,9.0231,-0.0279,-0.0722,9.8063,-0.0271,0.7236,-0.3786,-18.44,-33.81,15.19,331.92,-84.32,-153.89,-3.0179979402346424,-1.895977553793836,-0.7832240536713618,-0.932141916751736,-1.3589762228077804,-0.7441993183531315,False,False,False
52.55524,-1.471688,145.46,19.6,6,117.41,24 / 24,726410,2020-01-08 17:44:20:003,3.1921,2.5739,9.0592,-0.0184,-0.0014,9.8066,0.0461,-0.2616,0.0402,-18.87,-33.75,15.06,328.53,-84.43,-155.55,-2.439841108770615,-3.3145845009602075,-0.7475239460695201,-4.183493301782344,-1.9233943401403155,-0.8871393541994365,False,False,False
52.55524,-1.471688,145.46,19.6,6,117.41,24 / 24,726510,2020-01-08 17:44:20:103,2.3299,3.8065,8.1094,-0.0014,-0.046,9.8065,-0.0473,0.2821,-0.0463,-18.25,-33.87,14.38,328.52,-84.37,-154.85,-1.2616574131342837,-4.322522371013888,-1.6973170811512428,-3.523793492804943,-0.6296597570468165,-1.7291744134856204,False,False,False
52.55524,-1.471688,145.46,19.6,6,117.41,24 / 24,726609,2020-01-08 17:44:20:202,-0.3989,-0.6857,10.5421,-0.0056,0.0401,9.8065,0.2148,-0.32,0.1194,-18.62,-33.94,15.0,329.8,-84.3,-154.34,0.1933399944139905,0.802514263027108,0.7356414848267159,0.1251451097901896,0.311181126164424,0.6497381562498223,False,False,False
52.55524,-1.471688,145.46,19.6,6,117.41,24 / 24,726710,2020-01-08 17:44:20:303,-0.6328,-2.2068,11.0519,0.0036,0.0067,9.8066,-0.0325,-0.135,0.0904,-18.69,-34.19,14.88,327.98,-84.49,-156.09,0.0455013182440653,2.3026471164830435,1.245433734483845,2.7783423022456737,0.592731765325581,1.1442920711137274,False,False,False
52.55524,-1.471688,145.46,19.6,6,117.41,24 / 24,726812,2020-01-08 17:44:20:405,0.8375,-0.1913,10.2994,-0.0007,0.0357,9.8065,0.12,-0.0303,0.1054,-17.94,-34.31,16.0,332.24,-84.76,-155.85,-0.8683719514165034,0.0036691135220156,0.492925290078585,-0.3343275688429326,-0.6356851941480436,0.447639949804886,False,False,False
52.55524,-1.471688,145.46,19.6,6,117.41,24 / 24,726910,2020-01-08 17:44:20:503,1.1722,-1.5021,12.4156,-0.0505,0.0435,9.8063,0.2824,-0.2176,-0.002,-18.25,-33.94,15.38,330.55,-84.74,-155.4,-1.5791280975430737,1.1788258212830869,2.609414737949153,1.1999709214222705,-1.1916121976795169,2.4657662335612405,False,False,False
52.55524,-1.471688,145.46,19.6,6,117.41,24 / 24,727010,2020-01-08 17:44:20:603,-0.5346,-2.237,10.1139,0.0035,-0.0254,9.8065,-0.1889,0.327,-0.1231,-18.19,-34.62,14.75,329.58,-84.6,-156.02,-0.0490275872061351,2.275574548732609,0.3075348742063699,2.3864504073726924,0.3618237314642984,0.2673674532693415,False,False,False
52.55524,-1.471688,145.46,19.6,6,117.41,24 / 24,727110,2020-01-08 17:44:20:703,0.067,-1.9684,10.2036,-0.0281,0.0043,9.8065,0.049,0.0429,-0.0879,-17.87,-34.5,14.31,328.66,-84.6,-154.92,-0.5994415394648249,1.881796409426565,0.397227673045734,1.3670920185286934,-0.4259975717919503,0.2550807634873882,False,False,False
52.55524,-1.471688,145.46,19.6,6,117.41,24 / 24,727209,2020-01-08 17:44:20:802,-0.5826,-0.8959,9.888,-0.0315,-0.0197,9.8065,0.1521,0.2594,-0.1739,-18.37,-34.5,14.56,329.32,-84.4,-156.22,0.3071123686709953,0.988489573248118,0.0815491053846964,1.5978228930032876,0.9296864598746596,0.0015428709016292,False,False,False
52.55524,-1.471688,145.46,19.6,6,117.41,24 / 24,727312,2020-01-08 17:44:20:905,-1.0412,-0.6835,9.2971,0.0039,-0.0038,9.8066,0.0797,0.024,-0.1107,-18.31,-34.0,15.44,328.84,-84.3,-156.56,0.8350218557665064,0.9257404354274902,-0.5094698191323798,-0.1360155884826589,0.778148744225906,-0.6047864498889554,False,False,False
52.55524,-1.471688,145.46,19.6,6,117.41,24 / 24,727409,2020-01-08 17:44:21:002,1.6993,-1.5898,11.4647,-0.0153,-0.0197,9.8065,0.1015,-0.0607,-0.0236,-18.19,-33.87,14.88,326.62,-84.26,-158.47,-2.060799050187004,1.075996187413472,1.6583226131908166,2.1554145776659204,-1.175466964344951,1.5003095688570764,False,False,False
52.55524,-1.471688,145.46,19.6,6,117.41,24 / 24,727510,2020-01-08 17:44:21:103,-0.9555,-1.448,8.9337,0.0539,0.011,9.8064,-0.1197,-0.1654,0.2308,-18.31,-34.37,15.19,325.99,-84.09,-158.88,0.6000076782177342,1.6696409221345356,-0.8726194057053176,0.1345294936034712,0.3425851248067544,-0.8888730823805066,False,False,False
52.55524,-1.471688,145.46,19.6,6,117.41,24 / 24,727609,2020-01-08 17:44:21:202,3.834,3.0849,9.0617,0.0097,0.058,9.8065,0.1932,-0.4801,0.2084,-18.62,-33.75,15.63,327.77,-83.86,-157.69,-2.9167852541146373,-3.9089054507973295,-0.7449450302581674,-2.475064197126604,-1.027615393017197,-1.0012248665283772,False,False,False
52.55524,-1.471688,145.46,19.6,6,117.41,24 / 24,727710,2020-01-08 17:44:21:303,0.7165,-2.0518,10.758,0.0273,0.0375,9.8065,0.065,-0.4472,0.2937,-18.25,-34.19,15.88,326.94,-83.86,-159.81,-1.203524743953079,1.841582914520293,0.9516427584128486,-0.007245820983198,-1.5916630043361868,1.0260144622536762,False,False,False
52.55524,-1.471688,145.46,19.6,6,117.41,24 / 24,727809,2020-01-08 17:44:21:402,2.3941,1.7426,9.1673,0.0376,0.0031,9.8065,-0.1771,0.0468,0.0616,-18.06,-34.0,14.94,325.31,-83.59,-159.03,-1.829630784983158,-2.287203474849495,-0.6392813115353129,-0.6923873665519809,-0.7957851280879524,-0.9917590438280268,False,False,False
52.55524,-1.471688,145.46,19.6,6,117.41,24 / 24,727910,2020-01-08 17:44:21:503,1.1367,-1.0054,8.5519,0.0142,0.0329,9.8066,-0.0195,-0.3541,0.1885,-18.56,-33.81,15.38,323.95,-83.66,-158.92,-1.3518900978038535,0.7146113736850584,-1.2546190569490967,-1.223688945150326,-1.777276148307279,-1.1008206357201338,False,False,False
52.55524,-1.471688,145.46,19.6,6,117.41,24 / 24,728010,2020-01-08 17:44:21:603,4.08,1.8711,9.4757,-0.0071,-0.0193,9.8066,-0.0341,0.1746,-0.2076,-18.37,-33.94,16.13,328.05,-83.61,-158.65,-3.46313527845518,-2.87830628480371,-0.3309688111871366,-1.361114110699428,-1.004484605172686,-0.7551099896763172,False,False,False
52.55524,-1.471688,145.46,19.6,6,117.41,24 / 24,728110,2020-01-08 17:44:21:703,-0.5069,-2.7358,9.825,0.0376,0.0582,9.8064,-0.0559,-0.2811,0.1931,-18.12,-33.87,15.5,326.21,-83.7,-160.32,-0.1926966741602035,2.840031304236706,0.018772126228775,1.0591265367132374,-0.5577909523691732,0.2198775708820208,False,False,False
52.55524,-1.471688,145.46,19.6,6,117.41,24 / 24,728210,2020-01-08 17:44:21:803,1.4267,-2.4956,11.2483,0.0361,-0.0325,9.8065,-0.1805,0.2997,-0.1334,-18.25,-33.37,15.44,325.24,-83.79,-159.42,-1.9774722907347613,2.0223072498505297,1.4419757059597795,3.226122923454193,-1.1144598079243164,0.9887308981605928,False,False,False
52.554626,-1.469615,145.01,19.29,6,116.06,24 / 24,728310,2020-01-08 17:44:21:903,-0.8435,-3.449,9.5641,0.0273,0.0116,9.8066,-0.1503,-0.1459,0.0478,-18.06,-33.56,15.38,323.11,-83.65,-160.99,-0.0488983387211962,3.568158640856779,-0.2422893232261928,2.1638464879789447,-0.2697579850405457,-0.0393803395664723,False,False,False
52.554626,-1.469615,145.01,19.29,6,116.06,24 / 24,728410,2020-01-08 17:44:22:003,2.9942,0.251,11.7755,-0.0138,0.0098,9.8066,0.2326,0.0575,-0.1847,-18.0,-34.37,15.81,328.47,-83.67,-158.33,-2.844618911395317,-1.00712155240053,1.9689230755980447,-0.3009151796646521,-1.3422906841811897,1.536329936378653,False,False,False
52.554626,-1.469615,145.01,19.29,6,116.06,24 / 24,728510,2020-01-08 17:44:22:103,0.5353,-0.2784,8.7716,-0.0409,0.0034,9.8065,0.068,-0.1313,-0.0234,-18.56,-33.87,15.56,324.8,-83.51,-160.0,-0.6293359009878859,0.1241236391032601,-1.0348745508241717,-0.7558337210505524,-0.6488772829171163,-0.875663770970806,False,False,False
52.554626,-1.469615,145.01,19.29,6,116.06,24 / 24,728609,2020-01-08 17:44:22:202,-0.8544,-0.0388,9.0129,-0.0204,0.0145,9.8066,-0.0565,-0.0249,0.0873,-18.37,-34.62,15.81,328.1,-83.77,-158.59,0.7921864706076871,0.2661314507660753,-0.7937072676366769,0.3780326198056823,1.2032624452319398,-1.1632025514722462,False,False,False
52.554626,-1.469615,145.01,19.29,6,116.06,24 / 24,728709,2020-01-08 17:44:22:302,0.7185,-1.0155,11.0259,0.012,0.0055,9.8066,0.0308,-0.097,0.0536,-18.5,-34.31,15.0,326.58,-83.8,-158.11,-0.9453724377210988,0.8047810423747671,1.2193744985981343,0.4991251995697059,-0.7397431829513366,1.3028558736408358,False,False,False
52.554626,-1.469615,145.01,19.29,6,116.06,24 / 24,728810,2020-01-08 17:44:22:403,-1.3529,-1.9781,9.7587,0.0268,-0.0183,9.8065,-0.1599,-0.0064,0.0937,-18.44,-34.37,15.13,326.97,-83.8,-157.77,0.8290146519080406,2.2488070493793924,-0.0476920494772669,1.7726764392599992,0.9860023313566424,-0.3293183569398762,False,False,False
52.554626,-1.469615,145.01,19.29,6,116.06,24 / 24,728910,2020-01-08 17:44:22:503,-3.3254,-1.6751,11.2047,0.0069,0.0572,9.8064,0.0658,-0.3224,0.2657,-18.31,-34.56,15.56,331.78,-83.98,-155.58,2.774454315671852,2.531264247481812,1.3983683454906215,2.747912152648074,2.4225164541527606,1.393245060827708,False,False,False
52.554626,-1.469615,145.01,19.29,6,116.06,24 / 24,729011,2020-01-08 17:44:22:604,-6.5126,2.1021,9.7387,-0.0215,0.0192,9.8066,0.0076,-0.2774,0.0295,-17.75,-34.75,14.81,329.14,-84.44,-156.28,6.808479289449606,-0.3426833986964457,-0.0681166895383249,-1.3046148717059065,1.9257488664138425,-0.2554711383540644,False,False,False
52.554626,-1.469615,145.01,19.29,6,116.06,24 / 24,729111,2020-01-08 17:44:22:704,-6.6701,7.0891,8.4539,-0.0444,0.0588,9.8063,-0.0511,-0.0988,-0.0349,-17.87,-34.37,13.94,327.97,-84.92,-155.78,8.211423895871572,-5.088819836811051,-1.3529355530799234,-4.486627614188178,2.6035410937345653,-1.4438262392001937,False,False,False
52.554626,-1.469615,145.01,19.29,6,116.06,24 / 24,729209,2020-01-08 17:44:22:802,-5.8308,1.1588,11.6372,-0.0153,0.0635,9.8064,0.1037,-0.3248,0.1607,-18.12,-34.75,13.31,327.54,-85.68,-154.57,5.901579665350367,0.437732467993503,1.830655270657853,-0.8378445731063222,1.7433191876887375,1.7313100107062531,False,False,False
52.554626,-1.469615,145.01,19.29,6,116.06,24 / 24,729309,2020-01-08 17:44:22:902,-4.8531,5.1402,9.3487,-0.0293,-0.0179,9.8065,0.0262,0.252,-0.15,-18.37,-35.19,14.56,335.97,-85.59,-151.09,5.988514704525622,-3.743310593383472,-0.4581924542629317,-2.944235132621574,2.724577863070073,-0.6223246435054592,False,False,False
52.554626,-1.469615,145.01,19.29,6,116.06,24 / 24,729410,2020-01-08 17:44:23:003,-1.8594,3.1545,8.5066,0.023,0.0108,9.8066,0.0921,-0.108,0.0861,-18.69,-34.81,14.25,328.12,-85.35,-154.53,2.62783075146738,-2.553467894298826,-1.3002256359676598,-3.937907183357352,1.632703363707562,-1.3255432237158846,False,False,False
52.554626,-1.469615,145.01,19.29,6,116.06,24 / 24,729510,2020-01-08 17:44:23:103,0.7228,0.1818,9.5081,0.0386,-0.0458,9.8064,0.0347,0.045,0.0597,-18.19,-34.19,14.81,331.19,-84.91,-154.96,-0.6026155801951053,-0.395957559294582,-0.2983058225103793,0.3981661886977711,0.1623860428577851,-0.5171427096574907,False,False,False
52.554626,-1.469615,145.01,19.29,6,116.06,24 / 24,729610,2020-01-08 17:44:23:203,-0.813,-1.2644,9.2674,0.0342,-0.0333,9.8065,-0.0428,-0.0726,0.075,-18.87,-34.12,15.75,331.37,-84.21,-154.81,0.5019140989598754,1.4076614180926623,-0.5390319371601746,0.1144910068957607,0.1131056238133448,-0.508826436682108,False,False,False
52.554626,-1.469615,145.01,19.29,6,116.06,24 / 24,729710,2020-01-08 17:44:23:303,1.0203,0.0058,10.5111,0.0205,-0.0018,9.8066,-0.0137,-0.0467,0.0247,-18.19,-33.44,15.06,330.75,-84.06,-154.84,-0.9641654144051488,-0.2646233024994748,0.7045123217085854,0.3429132738959451,-0.2506410617590227,0.4514030411377088,False,False,False
52.554626,-1.469615,145.01,19.29,6,116.06,24 / 24,729810,2020-01-08 17:44:23:403,-0.8053,-0.3136,9.7106,0.0415,0.0114,9.8065,-0.1095,-0.1291,0.0868,-18.31,-33.75,15.13,328.43,-83.99,-156.67,0.734670197067765,0.5319368912654089,-0.0958900164318683,-0.502814162296688,0.4167407574536222,-0.0269989805459763,False,False,False
52.554626,-1.469615,145.01,19.29,6,116.06,24 / 24,729910,2020-01-08 17:44:23:503,0.6308,1.0668,9.9361,0.012,0.0195,9.8066,-0.0552,-0.0445,0.059,-18.19,-33.69,14.5,328.64,-84.31,-156.74,-0.328504917297509,-1.1712602529991163,0.1294407936309208,-0.8884502610240286,0.2489697216325792,-0.1443590202982458,False,True,False
52.554626,-1.469615,145.01,19.29,6,116.06,24 / 24,730009,2020-01-08 17:44:23:602,-1.6771,-0.0485,8.7208,0.0129,0.0083,9.8066,-0.1174,-0.1609,0.0711,-18.06,-34.44,14.19,327.08,-84.4,-156.13,1.6184597891069148,0.4897703941866164,-1.085818010544256,-0.1717988711366064,1.44471459354253,-0.982659695689576,False,True,False
52.554626,-1.469615,145.01,19.29,6,116.06,24 / 24,730110,2020-01-08 17:44:23:703,-0.1668,1.0358,9.8551,0.0247,0.0051,9.8066,-0.0616,-0.1063,0.062,-18.56,-34.19,14.63,328.77,-84.42,-155.34,0.4502425236983426,-0.9467328303317092,0.0484314755696985,-1.0664946167689608,0.8385825504134912,-0.2507147216484743,False,True,False
52.554626,-1.469615,145.01,19.29,6,116.06,24 / 24,730210,2020-01-08 17:44:23:803,-0.3868,-0.7664,10.0191,0.02,0.0105,9.8066,0.0,-0.109,0.0627,-18.06,-34.31,14.81,329.28,-84.32,-156.19,0.1932229216138357,0.8553980362454703,0.2125445886170865,0.6141114052272505,0.1943477545770831,0.3679905645511177,False,True,False
52.554626,-1.469615,145.01,19.29,6,116.06,24 / 24,730310,2020-01-08 17:44:23:903,-0.1342,-1.6248,11.0806,0.0173,-0.0287,9.8066,-0.0816,0.1455,-0.116,-17.69,-34.56,15.38,328.18,-84.22,-156.94,-0.2642230005371179,1.58127097996377,1.2741003704228262,1.055289169905921,-0.0666008177454919,0.9202368583554514,False,True,False
52.554626,-1.469615,145.01,19.29,6,116.06,24 / 24,730410,2020-01-08 17:44:24:003,0.0972,1.1377,9.3993,0.0016,-0.0004,9.8066,-0.0547,0.066,0.0137,-18.37,-33.75,14.5,327.85,-84.12,-157.27,0.2004276209184334,-1.1243581737101491,-0.4073717294856805,-0.977937154327757,0.3505726034605775,-0.1583033528266123,False,False,False
52.554626,-1.469615,145.01,19.29,6,116.06,24 / 24,730510,2020-01-08 17:44:24:103,-0.7412,-0.1851,10.0472,-0.0061,-0.0101,9.8066,0.0071,0.0604,-0.0191,-18.62,-34.0,14.63,328.37,-84.14,-155.46,0.6653337533953626,0.3582277782054479,0.2406017986525198,-0.4946098546031361,0.727729746422014,-0.2158115663851421,False,False,False
52.554626,-1.469615,145.01,19.29,6,116.06,24 / 24,730610,2020-01-08 17:44:24:203,1.0151,-0.6027,10.5318,-0.0133,-0.015,9.8066,0.0963,0.0384,-0.0835,-18.19,-34.31,15.06,329.99,-84.1,-155.4,-1.1449663014317617,0.303275889927378,0.7252508484479218,0.7209517661701133,-0.9242031824887428,1.1184637676580806,False,False,False
52.554626,-1.469615,145.01,19.29,6,116.06,24 / 24,730710,2020-01-08 17:44:24:303,-0.9985,-1.0218,8.9091,-0.0329,-0.017,9.8065,0.129,0.1253,-0.1068,-18.5,-33.94,15.19,327.93,-84.02,-157.13,0.6745423173650781,1.2194640056059276,-0.897347959888078,0.2001791792607059,0.7004350127040292,-1.5009808723639877,False,False,False
52.554626,-1.469615,145.01,19.29,6,116.06,24 / 24,730810,2020-01-08 17:44:24:403,-1.1673,-0.9499,9.4069,0.0029,0.0049,9.8066,-0.0186,0.0006,-0.0453,-18.31,-34.12,15.31,328.96,-83.97,-156.19,0.8851331759779735,1.2237594865113144,-0.399653787617119,1.7217164689544044,1.068261665079938,0.1699532919054349,False,False,False
52.554626,-1.469615,145.01,19.29,6,116.06,24 / 24,730910,2020-01-08 17:44:24:503,0.858,-0.961,10.1854,-0.0232,-0.0168,9.8066,0.1024,0.0823,-0.1227,-18.44,-33.5,15.0,330.08,-84.01,-155.38,-1.0944555120723083,0.6856674116066849,0.37887181573077,-0.2766243065255493,-0.9927645866441144,-0.383239989999404,False,False,False
52.554626,-1.469615,145.01,19.29,6,116.06,24 / 24,731010,2020-01-08 17:44:24:603,1.4369,0.2813,9.0723,0.0099,0.0083,9.8066,-0.0079,0.1101,-0.0329,-18.44,-34.0,14.94,328.32,-83.99,-156.77,-1.308740443998323,-0.6309180644179665,-0.734299214376645,-0.2905102576940628,-1.2675409229449626,-0.0031668835740357,False,False,False
52.554626,-1.469615,145.01,19.29,6,116.06,24 / 24,731110,2020-01-08 17:44:24:703,0.1886,-0.6428,10.3189,-0.003,-0.012,9.8066,0.0339,0.0152,-0.0887,-18.06,-33.94,15.63,329.88,-83.96,-157.33,-0.3474329732509349,0.5602370768895326,0.5123428898465234,-0.0968507145099976,-0.0789842561239567,-0.363451193317557,False,False,False
52.554626,-1.469615,145.01,19.29,6,116.06,24 / 24,731210,2020-01-08 17:44:24:803,3.0949,1.9896,7.6368,0.0334,-0.0084,9.8065,-0.1211,0.3184,0.0353,-17.69,-34.0,15.44,326.09,-83.81,-158.55,-2.444431460995341,-2.7183001191321026,-2.169788845676597,-2.771167084695673,-2.168157333509815,-1.3510245172035993,False,False,False
52.554626,-1.469615,145.01,19.29,6,116.06,24 / 24,731310,2020-01-08 17:44:24:903,1.1894,-2.8391,12.1259,0.0219,0.0215,9.8065,-0.0544,-0.253,0.2107,-18.19,-33.87,15.5,330.2,-83.88,-156.99,-1.864130237602216,2.4637749555761186,2.319598326334325,2.3261857583672376,-1.387431345206776,1.4288043620454949,False,False,False
52.554626,-1.469615,145.01,19.29,6,116.06,24 / 24,731410,2020-01-08 17:44:25:003,-3.1987,-2.0856,8.0511,0.0311,-0.044,9.8064,-0.3277,-0.0241,0.1035,-18.31,-34.44,14.75,328.69,-84.09,-156.53,2.595734398191054,2.803964282668143,-1.7552105074802435,2.189627715724939,1.612848305342157,-0.9641808505286598,False,False,False
52.554626,-1.469615,145.01,19.29,6,116.06,24 / 24,731510,2020-01-08 17:44:25:103,-0.2659,-1.7403,11.8064,0.0466,0.0659,9.8062,0.1026,-0.5069,0.3722,-18.06,-34.56,14.81,330.59,-84.05,-154.72,-0.1626786718109951,1.825678829008912,2.000311773960864,2.320615986266548,0.5023782249053061,1.215349312961774,False,False,False
52.554626,-1.469615,145.01,19.29,6,116.06,24 / 24,731610,2020-01-08 17:44:25:203,-1.1903,-1.9555,9.6868,0.0449,-0.0084,9.8065,-0.039,-0.2959,0.1548,-18.19,-34.19,14.75,327.98,-83.95,-157.02,0.6926448259472893,2.1993605150015525,-0.1195910119555633,0.9855214631093914,0.1365318520552609,0.5291159084521359,False,False,False
52.554626,-1.469615,145.01,19.29,6,116.06,24 / 24,731709,2020-01-08 17:44:25:302,2.85,2.4109,9.7329,0.02,0.0452,9.8064,0.047,-0.3283,0.1633,-18.62,-34.56,15.19,326.4,-83.89,-156.85,-2.1260592398860045,-3.01418175021094,-0.0736153869151242,-1.9257328362957649,-1.2197625391546,-0.6569329434319027,False,False,False
52.554626,-1.469615,145.01,19.29,6,116.06,24 / 24,731810,2020-01-08 17:44:25:403,0.4447,-1.3684,10.5318,0.0231,0.0342,9.8065,0.0015,-0.3706,0.2682,-18.0,-34.19,15.25,325.4,-83.97,-159.29,-0.7682596217515442,1.2468649512326295,0.7253953108297758,-0.4421439991467002,-1.4004718113350083,1.163541641887007,False,False,False
52.554626,-1.469615,145.01,19.29,6,116.06,24 / 24,731910,2020-01-08 17:44:25:503,3.7322,1.0297,9.9238,0.0153,0.0042,9.8066,-0.0672,-0.0733,0.036,-17.81,-34.56,15.38,326.67,-83.93,-158.0,-3.327914852243568,-1.947301425459108,0.1171818869177376,-0.4653318917190972,-1.207684575956852,-0.2314568679089493,False,False,False
52.554626,-1.469615,145.01,19.29,6,116.06,24 / 24,732010,2020-01-08 17:44:25:603,0.8066,-2.4595,9.0893,0.0246,0.0186,9.8066,-0.0658,-0.3504,0.3113,-19.06,-34.31,15.31,326.16,-83.92,-157.22,-1.3932828439709106,2.193515161796328,-0.7171311258521408,0.2994734185465596,-1.9929654761619096,-0.4862643460362212,False,False,False
52.554626,-1.469615,145.01,19.29,6,116.06,24 / 24,732110,2020-01-08 17:44:25:703,1.9118,1.8224,9.9611,-0.0062,-0.0126,9.8066,-0.0115,0.0553,-0.0457,-18.62,-33.94,14.56,329.99,-83.84,-153.83,-1.3812990950345203,-2.266713602318458,0.1544069464800509,-0.7109833861411445,-0.6819927852193082,0.0008075123221742,False,False,False
52.554626,-1.469615,145.01,19.29,6,116.06,24 / 24,732210,2020-01-08 17:44:25:803,-2.7846,-2.4951,11.2382,0.0307,0.0241,9.8065,0.103,-0.3215,0.2248,-18.5,-33.69,15.63,333.99,-83.73,-153.63,2.072399433737606,3.158652275295849,1.4318254121269145,1.412972786556076,1.5309251377017434,1.5244411747100617,False,False,False
52.554626,-1.469615,145.01,19.29,6,116.06,24 / 24,732310,2020-01-08 17:44:25:903,-0.9046,-1.7419,10.9427,-0.0034,-0.0323,9.8066,-0.0659,0.3,-0.2401,-19.06,-33.62,15.5,331.66,-83.44,-154.02,0.4310315983545739,1.88384781338235,1.136198040499297,3.152206894885138,0.9531020175604475,1.085198146396727,False,False,False
52.554626,-1.469615,145.01,19.29,6,116.06,24 / 24,732410,2020-01-08 17:44:26:003,-1.6511,-4.6194,10.7947,0.0204,0.04,9.8065,0.0108,-0.2894,0.1917,-18.37,-33.87,15.63,332.26,-83.43,-154.9,0.4164427561580882,4.932539709429284,0.9884772611176864,3.684236182602631,0.1474292625833101,1.0466842114728794,False,False,False
52.554626,-1.469615,145.01,19.29,6,116.06,24 / 24,732510,2020-01-08 17:44:26:103,0.3483,0.4517,9.1717,-0.0057,-0.0237,9.8065,-0.0438,0.4078,-0.1667,-18.44,-34.06,15.63,333.06,-83.37,-154.18,-0.2197853817792797,-0.550438566341852,-0.6348259372770328,0.1176609341445161,0.0743185039596098,-0.6903931789518363,False,False,False
52.554626,-1.469615,145.01,19.29,6,116.06,24 / 24,732610,2020-01-08 17:44:26:203,2.5949,1.6679,8.6057,0.001,0.0133,9.8066,-0.0472,-0.0251,-0.0507,-18.44,-34.44,15.5,333.12,-83.37,-154.12,-2.080898657178902,-2.266209220092188,-1.2009728262205597,-2.757134842311876,-2.0350813975619344,-1.0793470745434988,False,False,False
52.554626,-1.469615,145.01,19.29,6,116.06,24 / 24,732710,2020-01-08 17:44:26:303,1.8458,1.2988,9.3076,-0.0072,-0.0489,9.8065,-0.0883,0.4538,-0.2836,-18.44,-33.94,14.44,327.87,-83.59,-154.75,-1.4438833000864,-1.7790567140785565,-0.4989626477238724,-1.9025063455097329,-1.3933079473198149,-0.6417576760418999,False,False,False
52.554626,-1.469615,145.01,19.29,6,116.06,24 / 24,732810,2020-01-08 17:44:26:403,1.4033,0.6859,8.7705,0.0218,0.0024,9.8066,-0.0649,0.1727,-0.0998,-18.5,-34.19,14.88,329.52,-83.56,-155.38,-1.1591636845013324,-1.015873980812967,-1.0361261108767164,-0.6356299338455298,-0.959312274878497,-0.7929443622594781,False,False,False
52.554626,-1.469615,145.01,19.29,6,116.06,24 / 24,732910,2020-01-08 17:44:26:503,-0.8707,-3.6789,10.4197,-0.0217,-0.0436,9.8064,0.019,0.3903,-0.241,-18.44,-34.19,15.25,330.3,-83.44,-154.62,-0.1148881589932889,3.731318166371154,0.6135221530081363,2.784408728389431,-0.2937975688571319,0.3503837492964482,False,False,False
52.554626,-1.469615,145.01,19.29,6,116.06,24 / 24,733010,2020-01-08 17:44:26:603,-0.1174,-1.0918,9.4553,0.004,-0.0276,9.8066,-0.1179,0.2196,-0.1375,-18.44,-34.31,15.38,329.0,-83.46,-155.75,-0.1565044177874761,1.0596286143899587,-0.3512333366567293,2.261511166889689,0.2530776256315337,0.0174938895522827,False,False,False
52.554626,-1.469615,145.01,19.29,6,116.06,24 / 24,733110,2020-01-08 17:44:26:703,0.1713,-3.4414,11.0254,-0.0217,-0.0341,9.8065,-0.0514,0.4038,-0.2323,-18.19,-33.94,15.5,331.13,-83.67,-156.04,-1.0631291799939504,3.242862949393201,1.219120887401334,1.5970484471438595,-1.4339182483190218,0.8554237306035947,False,False,False
52.554626,-1.469615,145.01,19.29,6,116.06,24 / 24,733210,2020-01-08 17:44:26:803,3.201,2.4424,8.9435,0.0062,-0.0424,9.8065,-0.0903,0.3378,-0.2385,-18.5,-34.06,15.19,329.13,-83.61,-155.76,-2.447957677885707,-3.2230850141766183,-0.8631183456922517,-1.3918247375822912,-1.42777397262297,-0.4120375764706321,False,False,False
52.554626,-1.469615,145.01,19.29,6,116.06,24 / 24,733309,2020-01-08 17:44:26:902,2.1988,0.81,9.7877,-0.0363,-0.0558,9.8063,0.0195,0.5001,-0.3061,-18.19,-34.81,15.25,330.32,-83.56,-154.57,-1.9370935279670665,-1.4117185675361823,-0.0186268618316356,-3.510204832348782,-2.440854845393988,-0.425515699211286,False,False,False
52.554626,-1.469615,145.01,19.29,6,116.06,24 / 24,733411,2020-01-08 17:44:27:004,3.0617,1.2336,10.1143,-0.0194,-0.0271,9.8066,0.0254,0.3902,-0.2193,-17.81,-33.81,15.5,331.85,-83.63,-155.39,-2.6529994827372896,-2.011009915845244,0.3076586630793574,0.1596450928318887,-1.3332394628238768,0.7717463881057632,False,False,False
52.554626,-1.469615,145.01,19.29,6,116.06,24 / 24,733510,2020-01-08 17:44:27:103,-1.9919,-4.3197,9.9336,-0.0396,-0.0627,9.8063,0.0668,0.5094,-0.3543,-18.75,-34.12,15.44,325.84,-83.6,-157.24,0.7912978180868911,4.615984064520779,0.1275478701552708,2.3813366688286752,0.2339644838112905,-0.2513631163439725,False,False,False
52.554626,-1.469615,145.01,19.29,6,116.06,24 / 24,733610,2020-01-08 17:44:27:203,0.3983,-0.707,9.3098,0.0025,-0.0277,9.8066,-0.0368,0.3687,-0.1874,-18.12,-34.06,15.31,328.66,-83.36,-155.95,-0.5572661305839782,0.5546250026622067,-0.4967513826109678,2.7316555914707683,0.1174187370886892,-0.0912666954307774,False,False,False
52.554626,-1.469615,145.01,19.29,6,116.06,24 / 24,733710,2020-01-08 17:44:27:303,-0.6498,-2.8364,10.8043,-0.0464,-0.0449,9.8064,0.1426,0.3575,-0.2182,-18.12,-34.0,15.63,330.22,-83.38,-156.61,-0.1351080766143602,2.8527123740410123,0.9980712091964464,0.8130250136967787,-0.6519695144255395,0.710219012856167,False,False,False
52.554626,-1.469615,145.01,19.29,6,116.06,24 / 24,733809,2020-01-08 17:44:27:402,3.86,1.4182,10.9957,-0.0172,-0.059,9.8064,0.0847,0.4539,-0.2275,-18.37,-34.62,15.13,330.91,-83.06,-153.67,-3.3665697269249373,-2.425101034660502,1.189254983357696,-0.562574837230468,-1.4122271293664437,1.4808839594633494,False,False,False
52.554626,-1.469615,145.01,19.29,6,116.06,24 / 24,733910,2020-01-08 17:44:27:503,-3.0716,-1.5052,10.6485,-0.0456,0.0011,9.8065,0.131,-0.0441,0.0125,-18.62,-33.56,15.69,334.42,-83.16,-151.48,2.5365974010705084,2.23409758138575,0.8420577840793888,0.6816278820361437,1.6173664077964487,0.6855792634954484,False,False,False
52.554626,-1.469615,145.01,19.29,6,116.06,24 / 24,734010,2020-01-08 17:44:27:603,-4.9367,5.5664,7.5843,-0.0352,-0.0309,9.8064,-0.2172,0.287,-0.1898,-18.87,-34.19,14.38,331.54,-83.31,-150.08,6.176549406309792,-4.147629819440706,-2.222521599962627,-2.857709528787919,2.4166706795775283,-2.0730407035927474,False,False,False
52.554626,-1.469615,145.01,19.29,6,116.06,24 / 24,734110,2020-01-08 17:44:27:703,-4.8835,6.2554,9.0452,-0.0483,0.0689,9.8063,0.0343,-0.3412,0.1944,-18.5,-34.5,14.25,336.52,-83.98,-147.66,6.264118475354643,-4.734138025335916,-0.7615585228918211,-5.592155818064979,1.8238191323600768,-0.7756142155314069,False,False,False
52.554626,-1.469615,145.01,19.29,6,116.06,24 / 24,734210,2020-01-08 17:44:27:803,-5.0476,7.0141,11.4162,-0.0245,0.024,9.8066,0.0604,0.0412,0.0855,-18.94,-34.31,13.19,336.58,-84.74,-144.63,6.65251884756859,-5.462478742672188,1.6090875515642875,-4.900688817767777,2.193459876841535,1.6175853102344062,False,True,False
52.554626,-1.469615,145.01,19.29,6,116.06,24 / 24,734309,2020-01-08 17:44:27:902,-4.7747,3.9588,8.9578,0.0251,0.0604,9.8064,-0.0499,-0.3937,0.3718,-19.12,-34.31,13.81,342.11,-84.76,-141.89,5.641204063083745,-2.5321711476132363,-0.8489113957548914,-2.6047151188259794,2.0616743907793733,-0.737278714559609,False,True,False
52.554626,-1.469615,145.01,19.29,6,116.06,24 / 24,734409,2020-01-08 17:44:28:002,-5.9818,-0.2293,8.76,0.0051,-0.0348,9.8065,-0.0162,-0.0728,0.0591,-19.12,-33.87,13.81,339.83,-84.63,-143.81,5.735274565515265,1.7283787375377162,-1.0465642396820245,1.5298969184129172,1.965215512564887,-1.1535977310624457,False,True,False
52.554626,-1.469615,145.01,19.29,6,116.06,24 / 24,734510,2020-01-08 17:44:28:103,-2.0378,-1.7445,9.4417,0.0971,0.022,9.806,0.0531,-0.5946,0.4048,-18.62,-33.19,14.38,331.43,-84.15,-150.92,1.608515290352158,2.25633804831334,-0.3642141161965864,2.93492392286419,1.8894719310698165,-0.1630807049024352,False,True,False
52.554626,-1.469615,145.01,19.29,6,116.06,24 / 24,734610,2020-01-08 17:44:28:203,-1.4372,-2.4451,9.5254,0.035,-0.0027,9.8065,0.0476,-0.3459,0.2661,-18.87,-33.56,14.94,333.8,-83.64,-150.41,0.7942260333666984,2.7389729836022094,-0.2809622982177741,1.8689697845315565,0.5756345471079423,-0.4642234447328533,False,False,False
52.554626,-1.469615,145.01,19.29,6,116.06,24 / 24,734710,2020-01-08 17:44:28:303,1.7117,2.5852,9.8098,0.0256,0.0409,9.8065,-0.0438,-0.439,0.2286,-18.81,-33.56,14.44,333.34,-83.32,-148.58,-0.9747152079321312,-2.892460350161534,0.0031585074384316,-1.609142518170117,-0.5385115459522527,0.249474994663705,False,False,False
52.554626,-1.469615,145.01,19.29,6,116.06,24 / 24,734810,2020-01-08 17:44:28:403,-0.9984,-0.0539,10.8258,0.0012,0.0325,9.8066,-0.0461,-0.4431,0.2791,-18.56,-33.62,14.94,335.31,-83.52,-149.04,0.9437475217266768,0.3406179054049175,1.0191927284632292,-1.0134160358548976,0.6241984066255165,0.8019560386477271,False,False,False
52.554626,-1.469615,145.01,19.29,6,116.06,24 / 24,734910,2020-01-08 17:44:28:503,1.1588,1.3454,9.3779,0.0555,0.0354,9.8064,-0.2261,-0.2048,0.2821,-19.25,-33.31,15.19,338.88,-83.48,-146.08,-0.7291201576924454,-1.5497402461040677,-0.4285698370765801,0.1085989021665291,-0.2305794108057826,-0.1799180130387859,False,False,False
52.554626,-1.469615,145.01,19.29,6,116.06,24 / 24,735010,2020-01-08 17:44:28:603,-1.195,-1.0529,9.1619,0.0013,0.0084,9.8066,-0.0071,-0.2733,0.0339,-18.87,-32.56,14.81,337.44,-83.53,-147.34,0.8829461196881284,1.3334037218055028,-0.6446472945750346,-0.2510705334419933,0.5630161832317385,-0.8583800227722121,False,False,False
52.554626,-1.469615,145.01,19.29,6,116.06,24 / 24,735110,2020-01-08 17:44:28:703,-0.4913,0.4351,9.5667,0.0259,0.0052,9.8066,-0.0222,-0.1084,0.065,-19.0,-33.5,15.19,335.29,-83.44,-149.12,0.6103899061456709,-0.2823430710633755,-0.2399341840963479,1.4724483491198757,1.0722779816711403,-0.0245620231419344,False,False,False
52.554626,-1.469615,145.01,19.29,6,116.06,24 / 24,735211,2020-01-08 17:44:28:804,-0.2425,-1.1385,9.9521,0.0005,0.0229,9.8066,0.0403,-0.176,0.0358,-19.06,-32.75,15.13,335.87,-83.46,-148.64,-0.0639923271465163,1.1848135627559198,0.145571335007951,-0.3450173410260572,-0.2888111633693061,-0.0358192762886189,False,False,False
52.554626,-1.469615,145.01,19.29,6,116.06,24 / 24,735310,2020-01-08 17:44:28:903,0.0531,0.9531,9.1055,-0.0207,0.0229,9.8066,0.1338,-0.1315,-0.027,-18.37,-33.56,15.44,336.99,-83.45,-148.96,0.1679947825216136,-0.9178311101616292,-0.7011586812305666,0.6404362557432052,0.508906023303237,-0.545108063022796,False,False,False
52.554626,-1.469615,145.01,19.29,6,116.06,24 / 24,735409,2020-01-08 17:44:29:002,-0.3974,-1.6575,9.4797,0.0189,0.0233,9.8065,-0.0038,-0.2351,0.1439,-18.87,-33.25,15.0,334.79,-83.53,-149.61,-0.0301762716363644,1.7313435960622023,-0.32669758952972,0.538010328111242,-0.0867191499400727,-0.4567486458414085,False,False,False
52.554626,-1.469615,145.01,19.29,6,116.06,24 / 24,735510,2020-01-08 17:44:29:103,1.6897,1.2983,10.3546,-0.0094,0.0061,9.8066,0.0469,0.0887,-0.1505,-19.0,-33.87,15.38,334.76,-83.52,-149.51,-1.3094137599209168,-1.685889728878238,0.5479389358246316,-0.5950699440947671,-1.1461695195423645,0.6288567469205923,False,False,False
52.554626,-1.469615,145.01,19.29,6,116.06,24 / 24,735610,2020-01-08 17:44:29:203,1.3263,-0.0396,9.7724,0.0329,0.0316,9.8065,0.0533,-0.1733,0.1158,-18.75,-33.37,15.0,332.71,-83.63,-151.45,-1.2681769242980254,-0.2639729716051092,-0.0340788635369357,-0.8815819190792265,-1.114470934412783,-0.1042432057003578,False,False,False
52.554626,-1.469615,145.01,19.29,6,116.06,24 / 24,735710,2020-01-08 17:44:29:303,0.2922,3.4149,8.6052,-0.0033,-0.0088,9.8066,-0.0869,0.2747,-0.1629,-18.25,-33.62,14.94,334.26,-83.58,-151.36,0.5952948646307228,-3.3843976838869723,-1.2016156795934314,-2.966740173140269,0.5572285928197651,-1.2003434210822128,False,False,False
52.554626,-1.469615,145.01,19.29,6,116.06,24 / 24,735810,2020-01-08 17:44:29:403,-0.4519,-0.4933,10.2467,0.007,0.0239,9.8066,0.0478,-0.0235,0.0497,-18.62,-33.44,15.31,330.97,-83.77,-153.05,0.3103935480452524,0.6178324115808338,0.4401272731064183,0.7265091667964028,0.6821293540384153,0.4262504751409681,False,False,False
52.554626,-1.469615,145.01,19.29,6,116.06,24 / 24,735909,2020-01-08 17:44:29:502,-1.0209,-1.8891,10.1131,-0.0079,-0.0286,9.8066,0.0269,0.4162,-0.1777,-18.62,-33.06,15.81,333.02,-83.68,-153.14,0.5002188770643843,2.058481275680492,0.3066062828796253,1.7091296355539882,0.271696357439625,0.237272641747734,False,False,False
52.554626,-1.469615,145.01,19.29,6,116.06,24 / 24,736010,2020-01-08 17:44:29:603,-1.6668,-1.7481,10.4096,-0.0096,-0.0066,9.8066,-0.0136,0.1097,-0.0888,-18.94,-33.25,15.13,331.39,-83.63,-152.59,1.1533574997634497,2.109215858385567,0.6030903999188187,2.963008518988784,1.7161485062746498,0.6275543150533334,False,False,False
52.554626,-1.469615,145.01,19.29,6,116.06,24 / 24,736110,2020-01-08 17:44:29:703,-0.2506,-1.7806,10.1979,-0.0216,-0.0431,9.8065,0.0353,0.4116,-0.1734,-18.81,-33.31,15.38,331.57,-83.73,-152.51,-0.2257382745057411,1.7379023505795477,0.3915084434252399,0.6740263898154623,-0.5996303397203862,0.2753792551056443,False,False,False
52.554626,-1.469615,145.01,19.29,6,116.06,24 / 24,736210,2020-01-08 17:44:29:803,1.7887,2.4335,9.1752,-0.016,-0.0251,9.8066,-0.0308,0.3232,-0.208,-18.25,-33.5,15.38,335.42,-83.58,-150.49,-1.1113904900658589,-2.8401227775755813,-0.6315344779879668,-1.374391835714528,-0.417738209025712,-0.5999982686602718,False,False,False
52.554626,-1.469615,145.01,19.29,6,116.06,24 / 24,736310,2020-01-08 17:44:29:903,-1.6549,-2.2458,10.1029,-0.0139,-0.0216,9.8065,0.0135,0.3233,-0.117,-18.69,-33.19,15.56,336.89,-83.6,-149.75,1.0135004841082045,2.5715153779033555,0.2965215505136158,0.9935132714833832,0.569655536866242,0.1678426977987799,False,False,False
52.554626,-1.469615,145.01,19.29,6,116.06,24 / 24,736410,2020-01-08 17:44:30:003,2.0412,2.1611,9.4119,-0.0173,-0.0369,9.8065,-0.0506,0.3573,-0.2887,-18.75,-33.56,15.25,334.02,-83.65,-150.22,-1.4236889204654484,-2.6536099401262705,-0.3947145214037314,-0.8409523570106138,-0.6850162754643783,-0.3924043844808667,False,False,False
52.554626,-1.469615,145.01,19.29,6,116.06,24 / 24,736510,2020-01-08 17:44:30:103,-0.4091,-1.1813,10.1019,-0.0184,-0.024,9.8065,0.0473,0.1454,-0.0804,-18.62,-33.56,15.38,331.88,-83.77,-152.14,0.0797944814179824,1.2188444300911123,0.2954691793928884,-0.5671812413519401,-0.3406979833954953,0.1869115612175066,False,False,False
52.554626,-1.469615,145.01,19.29,6,116.06,24 / 24,736609,2020-01-08 17:44:30:202,3.6014,2.5002,9.6866,-0.011,-0.0514,9.8065,0.0142,0.4244,-0.2519,-18.44,-33.56,14.75,334.53,-83.52,-151.09,-2.83429055064106,-3.3951237469895656,-0.1200172786490725,-1.5703599177861105,-1.3100797625644185,-0.1736072860083585,False,False,False
52.554626,-1.469615,145.01,19.29,6,116.06,24 / 24,736710,2020-01-08 17:44:30:303,-0.0604,-1.2277,9.9111,-0.0129,-0.0133,9.8066,0.0131,-0.0399,0.0236,-18.12,-33.87,15.81,335.63,-83.58,-152.13,-0.2665482234166563,1.1857316332106036,0.1045772374713478,-0.4732622623866154,-0.5748513168425267,0.0318662219724089,False,False,False
52.554626,-1.469615,145.01,19.29,6,116.06,24 / 24,736810,2020-01-08 17:44:30:403,3.9087,1.8296,8.9862,-0.0229,-0.0419,9.8064,0.0028,0.3391,-0.172,-18.81,-33.44,15.69,335.94,-83.52,-150.51,-3.317747171902109,-2.820005381447117,-0.8202695910155752,-1.3030484600820844,-1.435385759328799,-0.9330671754847206,False,False,False
52.554626,-1.469615,145.01,19.29,6,116.06,24 / 24,736910,2020-01-08 17:44:30:503,0.4675,-2.5865,9.754,-0.0152,0.0299,9.8066,0.1006,-0.3018,0.1581,-18.19,-33.75,15.44,334.79,-83.79,-151.04,-1.1396228687188923,2.40412691667235,-0.0524260967879791,1.1515414263745682,-1.276627933774785,-0.100164249169523,False,False,False
52.554626,-1.469615,145.01,19.29,6,116.06,24 / 24,737009,2020-01-08 17:44:30:602,-0.696,-2.1798,11.41,-0.0234,-0.0107,9.8065,0.1183,0.0072,-0.0149,-18.87,-33.31,15.25,333.44,-83.67,-150.85,0.0919166121006559,2.269034733208776,1.6036304237298935,3.24990323859236,0.4941458271471824,1.455216459168923,False,False,False
52.554626,-1.469615,145.01,19.29,6,116.06,24 / 24,737110,2020-01-08 17:44:30:703,-0.804,-2.4441,9.0881,0.0013,0.045,9.8065,0.0642,-0.3826,0.2649,-18.5,-33.69,16.0,337.14,-83.52,-150.81,0.1377495701375059,2.612540212803521,-0.7182507587266883,1.9283829833750032,0.1850563347608647,-0.7746361671020165,False,False,False
52.554626,-1.469615,145.01,19.29,6,116.06,24 / 24,737210,2020-01-08 17:44:30:803,0.9042,-1.4363,11.3447,-0.0553,0.0246,9.8064,0.1947,-0.1806,-0.0379,-19.37,-33.56,15.38,333.93,-83.64,-150.3,-1.303027398576343,1.1647586519746491,1.5384059383691822,1.5143782637877543,-1.0525110966196138,1.3935648540244645,False,False,False
52.554626,-1.469615,145.01,19.29,6,116.06,24 / 24,737310,2020-01-08 17:44:30:903,2.4097,0.9815,10.2975,0.0271,0.0205,9.8066,-0.1433,-0.2416,0.1628,-19.31,-33.44,15.5,332.72,-83.56,-153.31,-2.0551192022919094,-1.5416936574479343,0.4908689244145305,-1.631144740928159,-1.800542192199679,0.386931939618104,False,False,False
52.55402,-1.467487,144.52,17.69,6,115.36,24 / 24,737409,2020-01-08 17:44:31:002,0.123,-1.7812,9.221,0.0012,0.0141,9.8066,0.1148,0.1221,-0.1707,-19.0,-33.25,15.75,334.54,-83.5,-151.71,-0.579627921732739,1.7035566922980765,-0.5854833545663114,1.4553079417886852,-0.4324284342726683,-0.6929860314994661,False,False,False
52.55402,-1.467487,144.52,17.69,6,115.36,24 / 24,737510,2020-01-08 17:44:31:103,2.6483,0.2302,11.0271,-0.0099,0.0138,9.8066,0.0571,0.0936,-0.0577,-18.62,-33.31,15.63,332.98,-83.61,-153.12,-2.5129975148943924,-0.8931127690339908,1.2205201849715754,-0.4725842466565644,-1.7078649772694066,1.0459736153728854,False,False,False
52.55402,-1.467487,144.52,17.69,6,115.36,24 / 24,737610,2020-01-08 17:44:31:203,2.4232,-0.4476,10.578,-0.0167,-0.0226,9.8065,0.1141,0.1812,-0.1739,-18.69,-33.94,15.63,331.85,-83.66,-154.01,-2.4670850322072826,-0.2171132843828437,0.771558504329574,-0.9408124335353945,-1.8934464598955492,0.7120622872671168,False,False,False
52.55402,-1.467487,144.52,17.69,6,115.36,24 / 24,737710,2020-01-08 17:44:31:303,2.3296,-0.4002,10.7501,0.0009,-0.0036,9.8066,0.0804,0.1328,-0.0666,-18.94,-33.69,15.44,328.9,-83.5,-154.51,-2.352316661932763,-0.2159566990794205,0.9435552586447848,0.5663610432924058,-1.6759088691226456,0.702548367277531,False,False,False
52.55402,-1.467487,144.52,17.69,6,115.36,24 / 24,737809,2020-01-08 17:44:31:402,-0.5319,-1.5814,9.0946,-0.0364,-0.0132,9.8065,0.1414,0.1649,-0.1635,-18.69,-33.69,15.94,332.14,-83.47,-153.63,0.0753170701817264,1.6429342383309768,-0.7118058214562829,0.606821874353506,0.1928165202602482,-0.7392598308208825,False,False,False
52.55402,-1.467487,144.52,17.69,6,115.36,24 / 24,737910,2020-01-08 17:44:31:503,-1.0243,-2.116,9.7496,-0.0157,0.0043,9.8066,0.0224,0.0085,-0.0384,-19.0,-33.5,15.81,331.04,-83.43,-154.68,0.4291127495864976,2.3084242037201226,-0.0568770060871091,3.2841676702402527,0.7445746822714601,-0.3372612964600582,False,False,False
52.55402,-1.467487,144.52,17.69,6,115.36,24 / 24,738010,2020-01-08 17:44:31:603,1.5738,-0.7814,9.0582,-0.0264,-0.0248,9.8065,0.0191,0.2132,-0.1929,-18.56,-33.19,15.5,330.03,-83.47,-155.58,-1.741015033371063,0.3194581689080829,-0.7482309950101326,-0.8595415183583326,-1.5867744789739973,-0.7755701979394448,False,False,False
52.55402,-1.467487,144.52,17.69,6,115.36,24 / 24,738110,2020-01-08 17:44:31:703,-0.0983,2.0581,9.4439,-0.0345,0.0335,9.8065,0.0164,0.0591,-0.0537,-18.62,-33.37,16.06,332.34,-83.69,-153.73,0.5825495828924617,-1.9400043443297417,-0.3627305990036518,-0.9356722241681076,0.8753026047638095,-0.6472309658072994,False,True,False
52.55402,-1.467487,144.52,17.69,6,115.36,24 / 24,738210,2020-01-08 17:44:31:803,-4.151,1.2088,10.0595,-0.0121,0.0104,9.8066,-0.0512,0.1355,-0.0382,-18.5,-33.56,15.13,333.21,-84.01,-152.55,4.307904338979117,-0.0931753125377918,0.2527701472452434,-1.2535412458455564,2.193306898831947,0.1937589186644398,False,True,False
52.55402,-1.467487,144.52,17.69,6,115.36,24 / 24,738310,2020-01-08 17:44:31:903,-4.6232,5.8083,9.5852,-0.0409,-0.0153,9.8065,-0.0346,0.1835,-0.2422,-19.06,-33.94,15.13,333.56,-84.4,-151.12,5.926377799535534,-4.448555386654488,-0.2217320207811844,-3.568474018956721,2.2725092995048364,-0.4818023592565647,False,True,False
52.55402,-1.467487,144.52,17.69,6,115.36,24 / 24,738410,2020-01-08 17:44:32:003,-7.0094,4.2821,10.2378,-0.0334,0.0085,9.8065,-0.0698,-0.0048,0.0157,-18.69,-33.75,15.25,335.07,-84.86,-150.08,7.840712934278756,-2.33490190834508,0.4309366666232213,-3.329498431200063,2.2265616802651564,0.3202474341679124,False,True,False
52.55402,-1.467487,144.52,17.69,6,115.36,24 / 24,738509,2020-01-08 17:44:32:102,-3.4256,6.1691,10.6902,-0.0317,-0.0132,9.8065,-0.0278,0.2728,-0.117,-18.81,-33.87,14.69,338.08,-84.98,-147.5,4.870307550589575,-5.101006954891728,0.8832602101399147,-4.478151810055105,2.253558636089302,0.662202097097954,False,False,False
52.55402,-1.467487,144.52,17.69,6,115.36,24 / 24,738609,2020-01-08 17:44:32:202,-1.1313,0.3933,10.429,0.0177,-0.0001,9.8066,0.1136,-0.2201,0.0485,-18.94,-33.94,14.31,335.5,-85.02,-147.82,1.2115538330830626,-0.0845670563630885,0.6223600585833101,-0.7922633120660512,1.4743832273519977,0.4543497706543891,False,False,False
52.55402,-1.467487,144.52,17.69,6,115.36,24 / 24,738710,2020-01-08 17:44:32:303,-0.5491,-1.5353,9.8724,0.039,-0.037,9.8064,0.1607,-0.1005,0.0739,-18.25,-33.37,15.38,335.0,-84.47,-151.41,0.1828066212360743,1.599166829360835,0.0660885096235728,1.8675964897629969,0.4041233724702672,-0.1138570692526153,False,False,False
52.55402,-1.467487,144.52,17.69,6,115.36,24 / 24,738810,2020-01-08 17:44:32:403,0.1151,-1.3478,10.1733,0.015,-0.0062,9.8065,0.1309,-0.106,0.0925,-18.69,-33.44,15.63,333.55,-83.81,-152.75,-0.4418988092776377,1.2706580872487725,0.3668872819658607,0.9257705427494178,-0.12322437113682,0.1458115387420084,False,False,False
52.55402,-1.467487,144.52,17.69,6,115.36,24 / 24,738909,2020-01-08 17:44:32:502,0.1519,-1.1877,9.4618,-0.0012,-0.007,9.8065,0.0035,-0.0692,-0.0125,-18.69,-33.5,15.63,332.97,-83.51,-153.06,-0.4517372295206127,1.1015802740957552,-0.34462235155045,0.9746301161554992,-0.2912981643757626,-0.4878197375443084,False,False,False
52.55402,-1.467487,144.52,17.69,6,115.36,24 / 24,739009,2020-01-08 17:44:32:602,-0.1974,0.4594,9.2263,-0.0215,0.021,9.8065,0.0134,-0.0364,-0.0118,-18.81,-33.31,15.19,330.84,-83.7,-153.12,0.2827571009334377,-0.3783497942374026,-0.5802303551799339,-0.3491976884886623,0.6867842498696197,-0.8464318813296823,False,False,False
52.55402,-1.467487,144.52,17.69,6,115.36,24 / 24,739109,2020-01-08 17:44:32:702,-0.5258,0.3856,10.0993,-0.0129,0.023,9.8066,-0.0146,-0.0182,0.0969,-18.31,-33.37,14.88,333.2,-83.89,-152.59,0.5889344768234477,-0.2184463444924996,0.292670183972601,-0.7091502515017385,0.6580713416529244,0.180544492258857,False,False,False
52.55402,-1.467487,144.52,17.69,6,115.36,24 / 24,739210,2020-01-08 17:44:32:803,-0.3394,-0.0434,10.0702,0.0044,-0.0118,9.8066,0.0089,-0.0612,0.001,-18.69,-33.19,15.44,333.39,-83.89,-151.04,0.3241030437615877,0.1189767698398187,0.2635976199872778,0.4569475469587523,0.8338083166094001,-0.0393930762037947,False,False,False
52.55402,-1.467487,144.52,17.69,6,115.36,23 / 24,739309,2020-01-08 17:44:32:902,0.0385,-0.5651,9.8892,0.0046,-0.01,9.8066,0.0369,-0.0737,0.051,-19.06,-32.87,15.88,335.69,-83.71,-150.84,-0.1755776422718812,0.5276852851193841,0.0826360175875012,-0.2165281123959933,-0.207412203083472,-0.004394628817078,False,False,False
52.55402,-1.467487,144.52,17.69,6,115.36,23 / 24,739410,2020-01-08 17:44:33:003,0.5529,0.1549,9.5456,-0.0014,0.0003,9.8066,0.043,-0.0426,0.0305,-18.69,-33.06,16.38,336.24,-83.54,-150.27,-0.4958697806425302,-0.2919954539447769,-0.2610028074966094,0.2136401939782731,0.1074582341162194,-0.5910517532227503,False,False,False
52.55402,-1.467487,144.52,17.69,6,115.36,23 / 24,739511,2020-01-08 17:44:33:104,-0.414,-0.9983,10.0798,0.0005,0.0188,9.8066,0.0095,-0.1163,0.1278,-19.12,-33.06,15.31,334.28,-83.57,-150.06,0.1388645595012393,1.089489131708236,0.2732598872944234,0.2724021828899235,0.0378758891405294,0.2027153458378441,False,False,False
52.55402,-1.467487,144.52,17.69,6,115.36,23 / 24,739610,2020-01-08 17:44:33:203,0.0474,-0.0218,10.3145,-0.0017,-0.0005,9.8066,0.0523,0.1258,-0.0575,-19.06,-33.12,15.94,337.51,-83.52,-149.17,-0.0529126168350373,0.0079202311428482,0.5079019934183302,0.4811341970004774,0.5845973422163012,0.1644439680902223,False,False,False
52.55402,-1.467487,144.52,17.69,6,115.36,23 / 24,739709,2020-01-08 17:44:33:302,1.0098,0.7043,9.0991,0.0203,-0.0109,9.8066,-0.0996,-0.0567,0.0483,-18.37,-32.94,15.81,337.56,-83.44,-150.52,-0.7721950320638294,-0.945668647583614,-0.7075331663132971,-1.611754695216363,-0.8627097386431097,-0.7744479459172047,False,False,False
52.55402,-1.467487,144.52,17.69,6,115.36,23 / 24,739809,2020-01-08 17:44:33:402,1.6798,0.1413,10.8153,-0.0001,-0.0044,9.8066,-0.0016,0.025,0.032,-19.06,-32.81,15.81,337.79,-83.44,-148.89,-1.5858290189055717,-0.5730743804554475,1.0087121825687435,-0.3532332241612443,-1.0161989539908678,0.6691159313200293,False,False,False
52.55402,-1.467487,144.52,17.69,6,115.36,23 / 24,739910,2020-01-08 17:44:33:503,-1.4928,-1.2113,10.0458,0.0264,-0.0064,9.8066,-0.0597,-0.2094,0.1099,-18.87,-32.87,15.94,339.26,-83.43,-147.63,1.158054283310353,1.5551962209770105,0.2392577713792595,1.2578309701790609,1.188266485789069,0.161444106764894,False,False,False
52.55402,-1.467487,144.52,17.69,6,115.36,23 / 24,740009,2020-01-08 17:44:33:602,0.9272,0.2859,10.357,0.0221,0.002,9.8066,0.0204,0.0741,0.0778,-18.94,-33.31,15.88,338.9,-83.29,-147.86,-0.8015689606252346,-0.5072471683670836,0.5503933970768149,-0.7230069655555466,-0.4148456358596887,0.2308656892159465,False,False,False
52.55402,-1.467487,144.52,17.69,6,115.36,23 / 24,740110,2020-01-08 17:44:33:703,-1.5728,-1.514,10.3489,0.0219,-0.0071,9.8066,-0.0515,-0.1379,-0.0164,-19.06,-33.5,16.0,338.53,-83.11,-148.08,1.1533199154662857,1.866436781968604,0.5423761623666022,2.081914619712672,1.404755453821594,0.4432926871931676,False,False,False
52.55402,-1.467487,144.52,17.69,6,115.36,23 / 24,740210,2020-01-08 17:44:33:803,0.5778,0.8376,10.0394,0.0171,-0.029,9.8065,-0.079,0.1635,-0.0553,-19.06,-32.62,16.44,338.0,-83.23,-148.6,-0.3188500782476114,-0.9817011790361612,0.2328516323337743,-1.7060591615293474,-0.1953779847253739,-0.0571851076807278,False,False,False
52.55402,-1.467487,144.52,17.69,6,115.36,23 / 24,740309,2020-01-08 17:44:33:902,1.0166,0.5198,10.1759,-0.0045,0.0186,9.8066,0.1035,0.0493,-0.0384,-19.06,-33.25,16.69,339.91,-83.13,-148.73,-0.8577600178872392,-0.7470665757086764,0.3692809542516325,-0.015362107813543,-0.3440327474102944,0.2468602367577167,False,False,False
52.55402,-1.467487,144.52,17.69,6,115.36,23 / 24,740409,2020-01-08 17:44:34:002,0.5352,0.1687,9.7934,-0.0283,-0.0071,9.8066,0.0668,0.2014,-0.1062,-18.94,-32.75,16.19,336.65,-83.11,-149.68,-0.4992983690562206,-0.3148633382033072,-0.0132040491239576,-1.456469906599993,-0.639239380500856,-0.2726953231524188,False,False,False
52.55402,-1.467487,144.52,17.69,6,115.36,23 / 24,740510,2020-01-08 17:44:34:103,1.8031,1.9812,9.8175,-0.0323,-0.0126,9.8066,0.073,0.2271,-0.2267,-18.81,-33.06,16.44,338.1,-83.13,-148.46,-1.2606264773228284,-2.3989069901397504,0.0107957089290252,-1.3225719875854465,-0.5377415023931934,-0.130258835311515,False,False,False
52.55402,-1.467487,144.52,17.69,6,115.36,23 / 24,740609,2020-01-08 17:44:34:202,-1.4195,-2.6452,9.7494,-0.0252,-0.0383,9.8064,0.0683,0.1984,-0.1278,-19.19,-33.37,16.88,337.68,-83.12,-150.62,0.6766309628294302,2.8778790161714194,-0.056850755674298,1.5794710737451427,0.3717761169498442,-0.2887320253253835,False,False,False
52.55402,-1.467487,144.52,17.69,6,115.36,23 / 24,740710,2020-01-08 17:44:34:303,2.5568,1.6593,9.478,-0.0236,-0.0292,9.8065,0.0743,0.4351,-0.2612,-19.37,-32.81,16.44,336.59,-82.84,-149.57,-2.059105845065388,-2.2955457158932613,-0.3285751741407886,-1.1909054524379423,-1.2134885557953097,-0.4833361906256534,False,False,False
52.55402,-1.467487,144.52,17.69,6,115.36,23 / 24,740810,2020-01-08 17:44:34:403,-1.5169,-3.439,9.665,-0.0338,-0.0178,9.8065,0.0471,0.1093,-0.1462,-18.56,-32.87,16.94,336.92,-82.89,-151.13,0.5529283426655042,3.687617380399197,-0.1412996944616134,2.59464874972895,0.2568675346833518,-0.3449821206252421,False,False,False
52.55402,-1.467487,144.52,17.69,6,115.36,23 / 24,740910,2020-01-08 17:44:34:503,2.5514,-0.1532,10.2047,-0.031,-0.0307,9.8065,0.046,0.4986,-0.1754,-18.62,-33.19,16.31,336.36,-82.95,-149.83,-2.5269684529852863,-0.5460712786784829,0.3982409399089942,0.2265617069516154,-1.3438863876900122,0.2276058654127193,False,False,False
52.55402,-1.467487,144.52,17.69,6,115.36,23 / 24,741010,2020-01-08 17:44:34:603,-1.3998,-4.4058,10.5778,0.0065,0.0107,9.8066,0.0582,-0.1841,0.123,-18.94,-32.81,16.19,335.93,-82.93,-150.18,0.2226601726042366,4.6295966826429344,0.7714650890334465,4.080073709119342,0.1240611481954073,0.6059619151846733,False,False,False
52.55402,-1.467487,144.52,17.69,6,115.36,23 / 24,741109,2020-01-08 17:44:34:702,2.7201,-0.6837,10.3268,-0.0411,-0.0243,9.8065,0.0457,0.0383,-0.1773,-19.37,-33.44,16.06,335.62,-82.98,-150.47,-2.837884147213477,-0.0732568163569695,0.5203776473405453,0.1011471111708743,-1.646371123480219,0.3210633263788782,False,False,False
52.55402,-1.467487,144.52,17.69,6,115.36,23 / 24,741210,2020-01-08 17:44:34:803,2.4551,-0.7211,9.654,0.0344,0.0395,9.8065,-0.033,-0.3266,0.2929,-19.06,-33.25,16.44,334.87,-83.03,-151.13,-2.534904380438708,0.112182692436568,-0.1524202268412323,0.2851482934868126,-1.77020854540405,-0.2599023562429339,False,False,False
52.55402,-1.467487,144.52,17.69,6,115.36,23 / 23,741311,2020-01-08 17:44:34:904,0.0654,-3.1088,9.5729,0.0,0.0011,9.8066,0.041,0.1057,-0.1583,-18.94,-33.31,16.75,335.52,-83.02,-152.4,-0.8633490130867076,2.988390399696869,-0.2334998085690758,2.507013435599033,-0.8955942596847505,-0.4820882864820496,False,False,False
52.55402,-1.467487,144.52,17.69,6,115.36,23 / 23,741410,2020-01-08 17:44:35:003,2.1311,0.106,10.2281,0.0257,0.0297,9.8065,-0.012,-0.246,0.1893,-19.0,-32.75,16.69,332.75,-82.97,-154.72,-2.0148771451589345,-0.6154529371195389,0.4216220844632243,0.2200634015407032,-1.4215731902970408,0.3956317278897388,False,False,False
52.55402,-1.467487,144.52,17.69,6,115.36,23 / 23,741510,2020-01-08 17:44:35:103,-1.5793,-4.7104,11.0226,0.0245,0.0448,9.8064,0.0291,-0.6121,0.2884,-18.94,-33.56,17.0,333.41,-82.95,-154.02,0.3263801842430602,5.00768268946345,1.2164842691056763,4.05593316328959,-0.0533142560406648,0.8994034425860524,False,False,False
52.55402,-1.467487,144.52,17.69,6,115.36,23 / 23,741610,2020-01-08 17:44:35:203,3.4213,0.8581,10.2121,0.0281,0.0244,9.8065,-0.1593,-0.0172,0.0702,-18.56,-32.87,16.38,332.59,-82.9,-152.99,-3.0644521601286625,-1.678690850898869,0.4055900336438389,-0.4633886353817431,-1.172830012374353,0.4767024329319773,False,False,False
52.55402,-1.467487,144.52,17.69,6,115.36,23 / 23,741710,2020-01-08 17:44:35:303,-2.0148,-3.8464,10.2273,0.0328,0.0593,9.8063,-0.1251,-0.497,0.2564,-18.87,-32.87,16.63,333.35,-83.11,-154.3,0.9737837000342884,4.301013228129697,0.4212241291769724,3.241850522486417,0.3919613778799152,0.0305492768048236,False,False,False
52.55402,-1.467487,144.52,17.69,6,115.36,23 / 23,741809,2020-01-08 17:44:35:402,3.0947,0.7703,10.0846,0.0279,-0.0181,9.8065,-0.1143,0.1956,-0.0907,-18.75,-33.44,16.19,332.82,-83.25,-153.02,-2.7606994915524945,-1.5509291961079388,0.2780887556191072,-0.3551110684865586,-1.1067538645511414,0.4412069314810846,False,False,False
52.55402,-1.467487,144.52,17.69,6,115.36,23 / 23,741910,2020-01-08 17:44:35:503,0.4511,0.9905,9.7202,0.0121,0.0294,9.8065,-0.0012,-0.1007,0.0726,-18.69,-32.87,16.44,331.93,-83.28,-153.81,-0.1769425569880131,-1.0416889533586915,-0.0863559840255256,-1.8022053281341064,-0.7637854505622181,-0.5301355520288001,False,False,False
52.55402,-1.467487,144.52,17.69,6,115.36,23 / 23,742009,2020-01-08 17:44:35:602,1.0382,0.8715,9.6056,-0.0133,-0.0098,9.8066,-0.0312,0.325,-0.1378,-19.0,-32.81,17.06,335.27,-83.23,-152.73,-0.7893573885581354,-1.1221584367001127,-0.201043020449454,-0.3155652039056593,-0.0288837820833905,0.0196100725011429,False,True,False
52.55402,-1.467487,144.52,17.69,6,115.36,23 / 23,742109,2020-01-08 17:44:35:702,-1.9844,0.9926,9.96,-0.0469,0.0202,9.8064,0.0167,-0.0283,-0.1083,-18.94,-33.56,17.25,335.57,-83.55,-152.56,2.1224654931795888,-0.4411745775500475,0.1535128411093409,-0.59512745901745,1.586436280676267,-0.2930488857713871,False,True,False
52.55402,-1.467487,144.52,17.69,6,115.36,23 / 23,742209,2020-01-08 17:44:35:802,-7.1231,1.5177,8.7472,-0.0509,-0.0156,9.8065,-0.0006,0.4705,-0.2919,-18.37,-33.19,16.38,334.62,-83.9,-153.3,7.228581396653332,0.3379829553319949,-1.0594889021893648,0.5364214396826794,2.479985396832413,-0.8436367966335592,False,True,False
52.55402,-1.467487,144.52,17.69,6,115.36,23 / 24,742310,2020-01-08 17:44:35:903,-2.1576,8.1577,10.3728,-0.0245,0.0337,9.8066,-0.094,0.0378,-0.2149,-18.31,-33.69,16.13,337.72,-84.37,-150.81,4.151522577269135,-7.301710229228723,0.5656518971958647,-6.729925518398031,1.861926214941999,0.1881166594280728,False,False,False
52.55402,-1.467487,144.52,17.69,6,115.36,23 / 24,742410,2020-01-08 17:44:36:003,-3.6676,7.5072,9.236,-0.0495,-0.0414,9.8063,-0.0372,0.3663,-0.3289,-18.5,-33.94,14.88,340.12,-84.76,-147.02,5.438452114958121,-6.363540137931634,-0.5708302429274312,-6.788036117542798,2.145077212014741,-0.4345544267017266,False,False,False
52.55402,-1.467487,144.52,17.69,6,115.36,23 / 24,742510,2020-01-08 17:44:36:103,-1.3891,2.9657,10.9052,0.0174,0.0144,9.8065,0.1337,0.1802,0.0557,-18.5,-33.75,14.69,336.79,-84.79,-149.95,2.118519000044253,-2.4901298092421342,1.0984927899514096,-1.2772098829059195,2.139978054804592,0.8613805949827904,False,False,False
52.55402,-1.467487,144.52,17.69,6,115.36,23 / 24,742609,2020-01-08 17:44:36:202,-3.1902,-3.3563,9.6772,0.0213,-0.0695,9.8063,0.1684,0.495,-0.2269,-18.37,-33.25,15.94,336.91,-84.31,-151.56,2.2577207977480658,4.002440135340168,-0.1289304558047553,3.123655533879296,1.852800687439586,-0.132921948164138,False,False,False
52.55402,-1.467487,144.52,17.69,6,115.36,23 / 24,742710,2020-01-08 17:44:36:303,1.3308,-0.8015,9.0484,-0.0017,-0.0919,9.8062,0.0847,0.4343,-0.3716,-18.31,-33.62,16.0,332.73,-83.38,-154.47,-1.4702349857905082,0.3429173542498808,-0.7577374378449604,1.9589063073667743,-1.1338728283290824,-0.8118710528929185,False,False,False
52.55402,-1.467487,144.52,17.69,6,115.36,23 / 24,742810,2020-01-08 17:44:36:403,-1.5551,-1.536,9.6388,-0.0084,-0.0092,9.8066,-0.0113,0.1717,-0.0223,-18.06,-33.0,16.13,329.43,-83.26,-157.33,1.1017953023277811,1.8733585964205268,-0.1677219454506355,0.819797816951928,0.7701927441637573,-0.3317376463211439,False,False,False
52.55402,-1.467487,144.52,17.69,6,115.36,23 / 24,742910,2020-01-08 17:44:36:503,0.5964,1.548,10.0928,-0.0215,-0.008,9.8066,-0.0762,0.2129,-0.2301,-18.37,-33.5,16.13,330.34,-83.38,-156.64,-0.1967476247948007,-1.662612202420568,0.28610817272464,0.0511966571357995,0.2140689133479366,0.4069010136123961,False,False,False
52.55402,-1.467487,144.52,17.69,6,115.36,23 / 24,743010,2020-01-08 17:44:36:603,-0.9549,-0.1416,9.78,-0.0152,-0.0164,9.8066,-0.0719,0.0964,-0.0224,-18.94,-33.12,15.75,328.95,-83.68,-156.67,0.8758510680139032,0.3627613858515213,-0.0266040146216495,-0.5672947521631804,0.4825327638696847,-0.315968870542084,False,False,False
52.55402,-1.467487,144.52,17.69,6,115.36,23 / 24,743110,2020-01-08 17:44:36:703,0.7982,2.7999,9.1645,-0.0074,-0.037,9.8066,-0.121,0.324,-0.0791,-19.06,-33.69,15.44,327.27,-83.6,-155.99,-0.048593535752202,-2.948628720397864,-0.6422715294390328,-1.4192788969978527,0.3252402998258619,-0.4082372089008445,False,False,False
52.55402,-1.467487,144.52,17.69,6,115.36,23 / 24,743209,2020-01-08 17:44:36:802,0.3351,0.1403,11.809,0.052,-0.0394,9.8064,-0.0959,-0.1067,0.0995,-18.25,-33.75,16.13,333.45,-83.63,-154.02,-0.227276563540446,-0.2466063450151329,2.0025921038153327,-0.8179739202821918,-0.58972492692017,1.6684624482332124,False,False,False
52.55402,-1.467487,144.52,17.69,6,115.36,22 / 22,743310,2020-01-08 17:44:36:903,-2.0203,-0.8929,8.9446,0.0323,-0.0383,9.8065,-0.1723,0.1202,0.0876,-18.44,-33.12,15.88,332.54,-83.24,-154.66,1.763593712065612,1.3539919641158078,-0.8618715158725545,2.507700340905256,2.0336527742809256,-0.6102492717501518,False,False,False
52.55402,-1.467487,144.52,17.69,6,115.36,22 / 22,743409,2020-01-08 17:44:37:002,-1.7624,-3.1733,10.5125,0.0469,0.0426,9.8064,-0.0152,-0.423,0.3103,-18.62,-33.12,16.44,334.07,-83.32,-152.0,0.9209925984861184,3.5731069839143874,0.7062829638579804,3.481701061925672,0.6317926520980646,0.4248994525502375,False,False,False
52.55402,-1.467487,144.52,17.69,6,115.36,22 / 22,743510,2020-01-08 17:44:37:103,-0.1994,-0.5563,9.2612,0.0054,-0.0069,9.8066,-0.0466,-0.1269,0.0096,-18.5,-33.44,16.06,333.55,-83.41,-153.9,0.0565348000785758,0.5836289660761125,-0.5453674049088397,1.2928606818078774,0.2058984380052271,-0.3707531678006414,False,False,False
52.55402,-1.467487,144.52,17.69,6,115.36,22 / 22,743610,2020-01-08 17:44:37:203,2.174,1.9665,9.4435,0.0179,0.0386,9.8065,-0.0573,-0.2342,0.2149,-18.62,-33.12,15.63,330.17,-83.66,-155.59,-1.587496087540676,-2.417716302258451,-0.3630959567893402,-2.03314034697794,-1.802929538490696,-0.5140732132115886,False,False,False
52.55402,-1.467487,144.52,17.69,6,115.36,22 / 22,743710,2020-01-08 17:44:37:303,1.6677,0.5002,10.735,-0.0345,0.0186,9.8065,0.1889,-0.0791,-0.0123,-18.37,-33.62,16.44,334.25,-83.69,-153.37,-1.5209571164040012,-0.9033989601113924,0.9284909363745452,-0.5927496152744671,-1.4779129101493893,0.9663383333464792,False,False,False
52.55402,-1.467487,144.52,17.69,6,115.36,22 / 22,743809,2020-01-08 17:44:37:402,0.0044,0.0191,9.1751,-0.003,0.0143,9.8066,-0.0061,-0.055,0.0872,-18.5,-33.37,16.38,333.06,-83.52,-154.4,-0.005934120354613,-0.0065053098339239,-0.63150021152774,0.7489631954117234,-0.1645053078039786,-0.6207302836031352,False,False,False
52.55402,-1.467487,144.52,17.69,6,115.36,22 / 22,743910,2020-01-08 17:44:37:503,0.6246,-0.971,10.763,-0.0215,-0.0023,9.8066,0.0386,-0.0155,0.0137,-18.12,-33.19,16.56,336.17,-83.58,-153.61,-0.8735571993563164,0.7697974445435781,0.9564703726864342,0.8051705488134766,-0.9166727177923144,0.8487112061125202,False,False,False
52.55402,-1.467487,144.52,17.69,6,115.36,22 / 22,744010,2020-01-08 17:44:37:603,1.9192,1.126,9.6282,0.0161,0.0236,9.8065,-0.0226,-0.2534,0.2505,-17.94,-33.25,17.19,336.53,-83.49,-153.25,-1.5554004627325166,-1.554923877299602,-0.1783462820892131,-0.5883891257413904,-1.669016716339229,-0.0252211542114972,False,False,False
52.55402,-1.467487,144.52,17.69,6,115.36,22 / 22,744110,2020-01-08 17:44:37:703,1.7699,-0.1691,9.918,-0.0113,-0.0052,9.8066,0.0707,-0.1252,-0.0344,-18.81,-33.19,16.31,333.77,-83.44,-152.33,-1.763401372249031,-0.29990802526806,0.1114333286321838,-0.3901002772992417,-1.882904880431932,-0.1064505017247007,False,False,False
52.55402,-1.467487,144.52,17.69,6,115.36,22 / 22,744210,2020-01-08 17:44:37:803,-0.8149,-1.1219,10.1006,0.0045,-0.0191,9.8066,0.0382,0.0875,0.0346,-18.37,-33.37,16.88,335.62,-83.4,-153.97,0.508084274587001,1.2764792097320412,0.2940601928844927,2.290901984000993,0.4408062298876148,0.5348247905942649,False,True,False
52.55402,-1.467487,144.52,17.69,6,115.36,24 / 24,744309,2020-01-08 17:44:37:902,0.4665,-2.765,10.1499,0.0107,0.0363,9.8065,-0.0013,-0.2301,0.1607,-18.25,-33.19,16.5,335.33,-83.38,-154.21,-1.1611898300077952,2.5897000085966684,0.3435854102852524,2.502182181829782,-1.357933135486291,0.074329758536686,False,True,False
52.55402,-1.467487,144.52,17.69,6,115.36,24 / 24,744410,2020-01-08 17:44:38:003,2.8746,-1.2192,10.1089,0.0152,0.003,9.8065,-0.0487,-0.0751,0.0104,-17.75,-32.87,16.13,333.82,-83.31,-153.62,-3.077586897233546,0.4453431654537317,0.3025149830339767,1.3825345558002098,-2.012879594553927,0.5643067456565672,False,True,False
52.55402,-1.467487,144.52,17.69,6,115.36,24 / 24,744509,2020-01-08 17:44:38:102,0.4309,-1.4266,10.1072,0.005,0.0239,9.8066,0.0076,-0.2012,0.1548,-18.44,-33.56,15.75,333.14,-83.38,-154.12,-0.7847512802503488,1.2920709337801684,0.300698437351915,1.2814054697790525,-1.0589508836583972,0.0391740130862346,False,False,False
52.55402,-1.467487,144.52,17.69,6,115.36,24 / 24,744610,2020-01-08 17:44:38:203,1.1253,0.0001,9.5226,0.026,0.0148,9.8066,-0.0167,-0.0008,0.0716,-18.56,-33.0,15.38,330.3,-83.33,-153.31,-1.0660817832721865,-0.2686163568491568,-0.2839849718000609,0.5268316111373706,-1.0230167582488328,-0.0592185822976856,False,False,False
52.55402,-1.467487,144.52,17.69,6,115.36,24 / 24,744710,2020-01-08 17:44:38:303,-0.4841,0.0021,10.0589,-0.0058,0.0048,9.8066,0.032,-0.2016,-0.0139,-18.62,-33.5,16.13,331.1,-83.31,-154.54,0.4615103580177018,0.1256557788308527,0.2522940441008954,0.2004038419796255,0.1226992024347506,0.0411542909428954,False,False,False
52.55402,-1.467487,144.52,17.69,6,115.36,24 / 24,744811,2020-01-08 17:44:38:404,1.0828,0.4488,9.7342,0.0053,0.0028,9.8066,0.0639,-0.0151,-0.0144,-18.87,-33.31,16.44,329.55,-83.3,-155.87,-0.9264764025332446,-0.7082101274712782,-0.0724147836851936,-0.0577824115314592,-0.8420499886441559,0.0786474081115725,False,False,False
52.55402,-1.467487,144.52,17.69,6,115.36,24 / 24,744910,2020-01-08 17:44:38:503,0.9572,-0.155,10.4597,-0.0023,0.0213,9.8066,0.0841,0.0368,0.0305,-18.69,-33.37,16.25,328.99,-83.24,-156.3,-0.9725391236066612,-0.0765426292428026,0.6531235939414428,0.0368393299121674,-1.3444884004932518,0.5097638421096873,False,False,False
52.55402,-1.467487,144.52,17.69,6,115.36,24 / 24,745009,2020-01-08 17:44:38:602,0.6594,-1.3719,10.1214,-0.0032,-0.017,9.8065,-0.0475,0.0153,-0.0563,-18.5,-33.25,16.31,330.26,-83.11,-156.51,-0.9888853679762544,1.1387881469194985,0.3149953419308348,1.6822406550785745,-0.8951726753756051,0.382225582243944,False,False,False
52.55402,-1.467487,144.52,17.69,6,115.36,24 / 24,745110,2020-01-08 17:44:38:703,0.3482,0.2762,9.5213,-0.0049,0.0032,9.8066,-0.0083,0.0353,0.0424,-18.5,-33.75,15.69,330.68,-83.07,-155.97,-0.2709809434573914,-0.3546414167611162,-0.2853129751704433,-0.2764893427176138,-0.628417700492135,-0.3705310406431314,False,False,False
52.55402,-1.467487,144.52,17.69,6,115.36,24 / 24,745211,2020-01-08 17:44:38:804,0.2794,-0.0372,9.6764,0.011,0.0097,9.8065,-0.0409,-0.1467,0.0251,-18.19,-33.5,15.5,331.41,-83.09,-155.51,-0.2714347836315671,-0.0237277340336525,-0.130093554308093,0.4584605415824507,-0.2127114340925877,-0.1314731625866746,False,False,False
52.55402,-1.467487,144.52,17.69,6,115.36,24 / 24,745312,2020-01-08 17:44:38:905,-0.0325,-1.4969,10.4689,0.0003,-0.0279,9.8065,-0.0479,0.0944,-0.1319,-18.5,-33.94,16.88,332.74,-83.2,-156.18,-0.3462430860826472,1.4279455041924771,0.6624937451753458,1.406161401354797,-0.6327067344652317,0.6027553715731624,False,False,False
52.55402,-1.467487,144.52,17.69,6,115.36,24 / 24,745411,2020-01-08 17:44:39:004,0.7132,-0.2374,9.7231,0.0081,-0.0068,9.8066,-0.0488,0.0589,-0.0063,-18.06,-33.31,16.06,330.45,-83.15,-156.38,-0.7406957246011657,0.0414269281397101,-0.0834761833247138,0.4811721863787501,-0.7648942293534743,-0.1192854019257176,False,False,False
52.55402,-1.467487,144.52,17.69,6,115.36,24 / 24,745510,2020-01-08 17:44:39:103,-0.4204,-0.8404,9.2854,0.0021,-0.0034,9.8066,-0.0602,0.0392,-0.012,-18.75,-33.25,16.81,331.34,-83.2,-156.09,0.1929100998649718,0.9175572069792448,-0.5211517584068331,0.7699914121252844,0.0333115936084155,-0.6024805853560924,False,False,False
52.55402,-1.467487,144.52,17.69,6,115.36,24 / 24,745610,2020-01-08 17:44:39:203,0.156,0.1244,10.0027,-0.0043,-0.0134,9.8066,-0.0113,0.0767,-0.0422,-19.0,-33.25,16.44,328.92,-83.23,-156.36,-0.1194432800300846,-0.1744158589924131,0.196093220146934,0.193716029596817,-0.268507472045248,0.1686180706966342,False,False,False
52.55402,-1.467487,144.52,17.69,6,115.36,24 / 24,745710,2020-01-08 17:44:39:303,1.1353,-0.4112,10.4314,0.017,-0.0033,9.8066,-0.0169,-0.0612,0.0283,-18.75,-33.12,16.31,328.65,-83.25,-156.6,-1.185582048850185,0.1064045412190951,0.6248404748831119,-0.1428794406076645,-1.172840426826182,0.4724169169892473,False,False,False
52.55402,-1.467487,144.52,17.69,6,115.36,24 / 24,745809,2020-01-08 17:44:39:402,0.093,-0.4176,9.7234,0.006,0.0056,9.8066,-0.0612,-0.0563,-0.0132,-18.56,-33.25,16.0,327.59,-83.23,-157.51,-0.1929583288199424,0.3865734370128496,-0.0831717568354028,0.6065307987281585,-0.4933401683723348,-0.0639734096723276,False,False,False
52.55402,-1.467487,144.52,17.69,6,115.36,24 / 24,745909,2020-01-08 17:44:39:502,-0.1659,-0.2487,10.2033,-0.0064,-0.0052,9.8066,-0.0077,-0.0723,-0.0582,-18.06,-34.19,16.25,328.46,-83.37,-158.1,0.091491850314416,0.2763168092507913,0.3967135644914439,-0.0119626568058983,0.3024949992643134,0.1349808782278011,False,False,False
52.55402,-1.467487,144.52,17.69,6,115.36,24 / 24,746010,2020-01-08 17:44:39:603,-2.7573,1.8605,9.9241,0.0061,0.0127,9.8066,-0.0763,0.0742,0.0129,-18.75,-33.0,16.44,327.43,-83.54,-157.88,3.145791103178775,-1.0746063780633488,0.1173461434681144,-1.1052642987624068,1.5455195598737488,0.2035536317942701,False,False,False
52.55402,-1.467487,144.52,17.69,6,115.36,24 / 24,746110,2020-01-08 17:44:39:703,-6.1141,2.0528,9.4264,-0.0436,0.0552,9.8063,-0.0142,-0.0468,0.1347,-18.56,-33.44,15.44,328.07,-84.25,-155.94,6.380083245380789,-0.368452654565584,-0.3801058317823145,-0.6233343146977347,2.408345614098564,-0.7652533092236099,False,False,False
52.55402,-1.467487,144.52,17.69,6,115.36,24 / 24,746209,2020-01-08 17:44:39:802,-3.8841,4.7118,11.0264,-0.0774,0.0131,9.8063,-0.0048,0.1333,-0.1545,-18.06,-34.5,15.0,333.65,-84.6,-152.58,4.887505708019153,-3.56116391443896,1.219750022987497,-3.936022500446621,1.418037674532153,1.3644599887536608,False,True,False
52.553425,-1.465492,144.78,15.46,6,116.73,23 / 23,746310,2020-01-08 17:44:39:903,-3.2412,3.413,11.3874,-0.0008,0.0071,9.8066,0.0339,-0.1295,0.0728,-18.25,-34.25,15.88,336.5,-84.89,-152.17,4.007657332869858,-2.4576108613938223,1.580540150155501,-2.633284499309112,2.5738516510844813,1.0899017736051235,False,True,False
52.553425,-1.465492,144.78,15.46,6,116.73,23 / 23,746410,2020-01-08 17:44:40:003,-1.7274,0.6912,8.4276,0.05,-0.0264,9.8064,0.1713,0.234,-0.1585,-18.69,-33.69,15.44,330.44,-84.6,-154.0,1.902153791235509,-0.2360547121672304,-1.3788687708959195,-1.0049570696675016,1.2500155894266292,-1.2164848113310112,False,True,False
52.553425,-1.465492,144.78,15.46,6,116.73,23 / 23,746509,2020-01-08 17:44:40:102,1.6077,0.6314,9.7297,0.0492,-0.0183,9.8065,0.1651,0.0415,-0.0327,-18.5,-33.37,16.44,330.93,-83.97,-156.55,-1.3388735562033105,-1.028808344752871,-0.0768216783620286,-1.1344286700054629,-0.6602483268970951,-0.6249070384110849,False,True,False
52.553425,-1.465492,144.78,15.46,6,116.73,23 / 23,746610,2020-01-08 17:44:40:203,-1.2047,-0.6153,9.4404,0.0123,0.0001,9.8066,-0.0102,0.0189,-0.016,-18.56,-32.69,15.88,330.16,-83.84,-155.73,1.017682582630189,0.9078247588224082,-0.3661761437890024,-0.2420426512510594,0.3765844000345464,-0.2509060989448038,False,False,False
52.553425,-1.465492,144.78,15.46,6,116.73,23 / 23,746710,2020-01-08 17:44:40:303,1.1103,1.7173,10.2021,0.0025,0.0127,9.8066,0.0449,0.2664,-0.1594,-18.81,-32.62,16.38,330.68,-83.8,-155.24,-0.6319185122134241,-1.932261936197769,0.3954049238985535,-2.038131502132829,0.0735694261409077,-0.1465721243128544,False,False,False
52.553425,-1.465492,144.78,15.46,6,116.73,23 / 23,746809,2020-01-08 17:44:40:402,-0.8959,-0.601,9.5964,0.0412,0.0318,9.8064,-0.0187,0.0175,-0.0395,-18.37,-32.81,15.56,330.74,-83.98,-156.73,0.7427332542734243,0.8526145415000763,-0.209971442389255,-0.608867368150756,0.2006908867258023,-0.2102805634523023,False,False,False
52.553425,-1.465492,144.78,15.46,6,116.73,23 / 23,746910,2020-01-08 17:44:40:503,0.639,0.4853,10.4038,-0.0012,0.0011,9.8066,0.0373,0.1363,-0.0513,-18.19,-32.94,15.56,332.88,-84.07,-154.92,-0.4940505741082336,-0.632650761596555,0.597177163055173,-0.8505457774251373,0.1641945223876866,0.1164464840266618,False,False,False
52.553425,-1.465492,144.78,15.46,6,116.73,23 / 23,747010,2020-01-08 17:44:40:603,-2.2654,-0.8686,8.9864,0.0216,0.0053,9.8066,-0.0028,-0.0766,0.0699,-17.94,-33.5,15.38,330.43,-84.08,-155.12,1.985138021180778,1.4329483850200044,-0.8201732821367846,-0.2431698032388561,1.6134837599776422,-0.9827255267429462,False,False,False
52.553425,-1.465492,144.78,15.46,6,116.73,23 / 23,747110,2020-01-08 17:44:40:703,-0.5208,0.1512,10.5868,0.0167,-0.0065,9.8066,0.1482,0.0775,-0.1427,-18.44,-33.5,15.75,333.37,-83.99,-154.45,0.5600018023850889,-0.0141436958454861,0.7801830023739837,-0.4625777790917169,1.1235330854769834,0.3834803935826062,False,False,False
52.553425,-1.465492,144.78,15.46,6,116.73,23 / 23,747210,2020-01-08 17:44:40:803,-0.824,-0.3109,10.0769,0.0451,-0.0051,9.8065,0.1355,-0.0593,-0.0309,-18.44,-32.81,16.13,333.17,-83.94,-154.58,0.761169985982538,0.5190993390487295,0.2704084662848323,-1.2818791504201326,0.594655456201997,-0.0594352202535381,False,False,False
52.553425,-1.465492,144.78,15.46,6,116.73,24 / 24,747309,2020-01-08 17:44:40:902,-0.2158,-0.195,8.4472,0.0609,-0.0262,9.8064,0.0796,0.037,-0.0834,-17.81,-33.19,16.0,333.92,-83.89,-153.9,0.2239150544864985,0.2343889141805493,-1.359192721906489,-0.5380750847070019,0.6855477311225981,-1.6940602090410786,False,False,False
52.553425,-1.465492,144.78,15.46,6,116.73,24 / 24,747409,2020-01-08 17:44:41:002,-1.8043,-1.9127,7.798,-0.0405,0.0454,9.8064,0.3878,0.1022,-0.3357,-18.37,-33.06,16.81,335.36,-83.93,-154.51,1.200564483819576,2.346104086746307,-2.0082970757194545,0.479112725568962,1.2314893675188758,-2.46536445461465,False,False,False
52.553425,-1.465492,144.78,15.46,6,116.73,24 / 24,747510,2020-01-08 17:44:41:103,-3.0713,-1.7496,6.6402,0.0543,0.0212,9.8064,-0.1459,0.0677,0.0056,-17.81,-33.5,16.56,333.57,-83.99,-156.11,2.5646755547495035,2.5155541229032505,-3.166126528364712,1.36539243391913,2.953736649173344,-3.499033138562713,False,False,False
52.553425,-1.465492,144.78,15.46,6,116.73,24 / 24,747609,2020-01-08 17:44:41:202,-0.2462,-0.5049,10.7056,-0.0406,0.0237,9.8064,0.3119,0.2307,-0.3612,-17.5,-32.81,16.63,338.77,-84.14,-153.22,0.0627011972131895,0.563650318669607,0.8992312484181608,-1.345163678840496,0.2537095678693832,0.3823534436649848,False,False,False
52.553425,-1.465492,144.78,15.46,6,116.73,24 / 24,747710,2020-01-08 17:44:41:303,1.4497,-0.4294,11.294,0.0697,-0.0018,9.8063,-0.0505,-0.0767,0.1675,-18.25,-33.44,16.5,338.38,-83.98,-151.92,-1.4435154504787095,0.0580581118034548,1.487745089013258,-1.488759077298079,-1.0823421660643688,1.0863002670204318,False,False,False
52.553425,-1.465492,144.78,15.46,6,116.73,24 / 24,747809,2020-01-08 17:44:41:402,2.2114,-0.7929,11.6666,-0.0395,-0.016,9.8065,0.1167,0.2175,-0.0538,-17.87,-33.06,16.63,336.18,-83.88,-153.77,-2.374956498262575,0.1715036318721862,1.8601786380923264,-1.776325529832757,-2.064640008510497,1.3453291214170326,False,False,False
52.553425,-1.465492,144.78,15.46,6,116.73,24 / 24,747910,2020-01-08 17:44:41:503,-0.2714,-1.5603,10.2274,0.0348,0.012,9.8065,-0.005,-0.2242,-0.0497,-18.0,-32.87,16.19,333.92,-83.76,-153.82,-0.1086322129710482,1.5981249082719258,0.4209968644370895,-0.3464182846800751,0.2562728948915536,-0.0952187560804782,False,False,False
