No of GPS Satellites Available,Time Since Start of Day (seconds),Latitude (degrees),Longitude (degrees),Velocity (km/hr),Heading (degrees),Height (km),Vertical velocity (km/hr),Sample period (seconds),Steering Angle (degrees),Wheel Speed Front Left (rad/sec),Wheel Speed Front Right (rad/sec),Wheel Speed Rear Left (rad/sec),Wheel Speed Rear Right (rad/sec),Yaw Rate (deg/sec),Indicated Vehicle Speed (km/hr),Indicated Longitudinal Acceleration (g),Indicated Lateral Acceleration (g),Handbrake (0 or 1),Gear Requested (Number fof gear employed 1-5),Gear (Number fof gear employed 1-5),Engine Speed (rev/min),Coolant Temperature (degrees),Clutch Position (0 or 1),Brake Pressure (psi),Brake Position (0 or 1),Battery Voltage (volts),Air Temperature (degrees),Accelerator Pedal Position (0 or 1),dx,dy,x_cum,y_cum,heading_rad,speed_ms
138.0,63859.1,52.5548632,-1.4702976,57.078,115.986,90.05,-0.09,0.1,0.0,57.14,57.12999,57.099990000000005,56.8,0.0,57.08,0.0,0.0,0.0,4.0,3.0,2172.0,87.0,0.0,-0.01000977,0.0,14.0,9.0,43.5,1.4252077475524543,-0.6946892300276863,1.4252077475524543,-0.6946892300276863,2.024337586218143,15.855
138.0,63859.2,52.5548569,-1.4702765999999998,57.06,115.997,90.03,-0.1,0.1,0.0,57.37999,57.37,57.28999,56.94,0.0,57.38,0.02957988,0.0,0.0,4.0,3.0,2299.0,87.0,0.0,-0.01000977,0.0,14.1,9.0,45.5,1.424624942030789,-0.6947436754255281,2.849832689583243,-1.3894329054532144,2.0245295724358625,15.85
138.0,63859.3,52.5548506,-1.4702556,57.236,115.996,90.01,-0.11,0.1,0.0,57.75,57.709990000000005,57.53,57.209990000000005,0.0,57.63,0.05915999,0.0,0.0,4.0,3.0,2371.0,87.0,0.0,-0.01000977,0.0,14.1,9.0,46.0,1.4290313212139862,-0.6968616519810475,4.278864010797229,-2.086294557434262,2.0245121191433424,15.898888888888887
138.0,63859.4,52.5548443,-1.4702344,57.532,115.995,90.0,-0.11,0.1,0.0,58.01999,58.0,57.94,57.53,0.0,57.98,0.07956004,-0.009180069,0.0,4.0,3.0,2371.0,87.0,0.0,-0.01000977,0.0,14.1,9.0,48.0,1.436433882421059,-0.700440450637706,5.715297893218288,-2.786735008071968,2.0244946658508227,15.98111111111111
138.0,63859.5,52.554838,-1.4702130999999998,57.812,115.846,89.99,-0.1,0.1,0.0,58.36,58.37999,58.23999,57.92999,0.1000061,58.35,0.08976007,0.0,0.0,4.0,3.0,2395.0,87.0,0.0,-0.01000977,0.0,14.1,9.0,49.0,1.4452503063440658,-0.7000933333986076,7.1605481995623546,-3.486828341470576,2.021894125265351,16.058888888888887
138.0,63859.6,52.55483160000001,-1.4701917,58.129,116.102,89.98,-0.1,0.1,0.0,58.64999,58.66,58.67999,58.42999,0.0,58.63,0.1091398999999999,0.0,0.0,4.0,3.0,2419.0,87.0,0.0,-0.01000977,0.0,14.1,9.0,50.0,1.4500153401574336,-0.7104179489764282,8.610563539719788,-4.197246290447004,2.0263621681504564,16.146944444444443
138.0,63859.7,52.5548252,-1.47017,58.716,115.908,89.98,-0.09,0.1,0.0,59.06,59.03999,59.06999,58.86,0.3000183,58.98,0.1091398999999999,0.0,0.0,4.0,3.0,2461.0,87.0,0.0,-0.01000977,0.0,14.1,9.0,50.5,1.4670792500582963,-0.7126285666799966,10.077642789778084,-4.909874857127001,2.0229762294015874,16.31
138.0,63859.8,52.55481869999999,-1.4701482,59.166,115.976,89.98,-0.08,0.1,0.0,59.59,59.55,59.5,59.22,-0.1000061,59.48,0.1091398999999999,-0.009180069,0.0,4.0,3.0,2482.0,87.0,0.0,-0.01000977,0.0,14.1,9.0,50.5,1.477469672319426,-0.7198441618686142,11.55511246209751,-5.629719018995615,2.0241630532929435,16.435
138.0,63859.9,52.5548123,-1.4701263,59.396,115.844,89.96,-0.09,0.1,0.0,60.00999,60.00999,59.78,59.53999,-0.1999817,59.98,0.1091398999999999,-0.009180069,0.0,4.0,3.0,2510.0,87.0,0.0,-0.01000977,0.0,14.1,9.0,51.0,1.4848740513196326,-0.7192234683299993,13.039986513417142,-6.348942487325615,2.021859218680311,16.49888888888889
138.0,63860.0,52.5548057,-1.4701042000000002,59.836000000000006,115.991,89.95,-0.1,0.1,0.0,60.41,60.41,60.3,59.98,0.0,60.36,0.1193398999999999,-0.009180069,0.0,4.0,3.0,2547.0,87.0,0.0,-0.01000977,0.0,14.1,9.0,52.5,1.494010004129736,-0.7283868843130552,14.533996517546878,-7.07732937163867,2.0244248526807427,16.621111111111112
138.0,63860.1,52.5547991,-1.470082,60.235,115.968,89.94,-0.09,0.1,0.0,60.81,60.849990000000005,60.67999,60.39999,0.1000061,60.72,0.1193398999999999,0.0,0.0,4.0,3.0,2557.0,87.0,0.0,-0.01000977,0.0,14.0,9.0,54.0,1.5042666230038755,-0.7326401407486963,16.038263140550754,-7.809969512387366,2.0240234269527844,16.731944444444444
138.0,63860.2,52.5547924,-1.4700597,60.66,116.039,89.94,-0.09,0.1,0.0,61.31,61.23999,61.12,60.72,-0.1000061,61.11,0.1193398999999999,0.0,0.0,4.0,3.0,2601.0,87.0,0.0,-0.01000977,0.0,14.1,9.0,56.0,1.5139648304390252,-0.7396860767878043,17.55222797098978,-8.54965558917517,2.0252626107217,16.849999999999998
138.0,63860.3,52.5547858,-1.4700371,61.2,115.803,89.93,-0.08,0.1,0.0,61.78999,61.75,61.64999,61.17,-0.1999817,61.46,0.1091398999999999,0.0,0.0,4.0,3.0,2610.0,87.0,0.0,-0.01000977,0.0,14.1,9.0,59.0,1.5305031685856882,-0.7399730069057712,19.08273113957547,-9.289628596080941,2.0211436336869935,17.0
138.0,63860.4,52.554779,-1.4700144,61.567,115.998,89.92,-0.09,0.1,0.0,61.98,61.95,61.78,61.47,0.0,61.76,0.1091398999999999,0.0,0.0,3.0,3.0,2659.0,87.0,0.0,-0.01000977,0.0,14.1,9.0,60.5,1.5371387532074188,-0.7496462440355351,20.619869892782887,-10.039274840116477,2.0245470257283826,17.101944444444445
138.0,63860.5,52.5547723,-1.4699916,61.798,115.857,89.92,-0.09,0.1,0.0,62.23,62.209990000000005,62.3,61.81999,0.0,62.07,0.08976007,-0.009180069,0.0,3.0,3.0,2775.0,87.0,0.0,-0.01000977,0.0,14.1,9.0,61.5,1.544753176212046,-0.7486596899612793,22.164623068994935,-10.787934530077756,2.02208611148307,17.16611111111111
138.0,63860.6,52.5547655,-1.4699686,62.37,115.93,89.91,-0.08,0.1,0.0,62.56999,62.51999,62.459990000000005,62.16,-0.1999817,62.42,0.07956004,0.0,0.0,3.0,3.0,2939.0,87.0,0.0,-0.01000977,0.0,14.1,9.0,62.0,1.558087400287044,-0.7575750148115767,23.722710469281978,-11.545509544889333,2.0233602018370265,17.325
138.0,63860.7,52.5547586,-1.4699456,62.496,115.903,89.9,-0.09,0.1,0.0,62.76999,62.78,62.73,62.39,0.0,62.75,0.06936002,0.0,0.0,3.0,3.0,3107.0,87.0,0.0,-0.01000977,0.0,14.1,9.0,62.0,1.5615925982637193,-0.7583696704430937,25.284303067545697,-12.303879215332426,2.0228889629389877,17.36
138.0,63860.8,52.5547518,-1.4699226,62.539,115.911,89.89,-0.08,0.1,0.0,63.0,63.01999,62.959990000000005,62.75,-0.1999817,63.01,0.07956004,0.0,0.0,3.0,3.0,3248.0,87.0,0.0,-0.01000977,0.0,14.1,9.0,62.0,1.5625610662661746,-0.7591096442528956,26.84686413381187,-13.062988859585321,2.0230285892791473,17.371944444444445
138.0,63860.9,52.5547449,-1.4698992,63.126000000000005,115.828,89.89,-0.07,0.1,0.0,63.23999,63.349990000000005,63.31,63.06,0.0,63.27,0.07956004,0.0,0.0,3.0,3.0,3392.0,87.0,0.0,-0.01000977,0.0,14.1,9.0,62.0,1.5783358181569098,-0.7639491443302743,28.42519995196878,-13.826938003915595,2.021579965999992,17.535
138.0,63861.0,52.554738,-1.4698759,63.313,115.872,89.89,-0.07,0.1,0.0,63.64999,63.7,63.56999,63.31999,0.0,63.62,0.07956004,0.0,0.0,3.0,3.0,3546.0,87.0,0.0,-0.01000977,0.0,14.1,9.0,62.0,1.5824224931481263,-0.7674276526804474,30.007622445116905,-14.594365656596043,2.0223479108708697,17.586944444444445
138.0,63861.1,52.554731100000005,-1.4698524,63.61600000000001,115.778,89.88,-0.07,0.1,0.0,64.06,64.05,64.06999,63.76999,-0.1999817,63.99,0.08976007,-0.009180069,0.0,3.0,3.0,3654.0,87.0,0.0,-0.01000977,0.0,14.1,9.0,62.0,1.5912585010550666,-0.7684907688660481,31.59888094617197,-15.362856425462091,2.020707301373995,17.671111111111113
138.0,63861.2,52.5547241,-1.4698289,63.918,115.969,89.88,-0.06,0.1,0.0,64.44,64.48,64.25,64.16,0.0,64.43999000000001,0.09995985,0.0,0.0,3.0,3.0,3697.0,87.0,0.0,-0.01000977,0.0,14.1,9.0,62.0,1.5962297115656652,-0.7774644415759431,33.19511065773764,-16.140320867038035,2.024040880245304,17.755
138.0,63861.3,52.5547171,-1.4698051,64.253,115.814,89.87,-0.06,0.1,0.0,65.00999,64.95999,64.84999,64.53,0.0,64.85,0.1193398999999999,0.0,0.0,3.0,3.0,3710.0,87.0,0.0,-0.01000977,0.0,14.1,9.0,62.0,1.6067040882501296,-0.7771954991778421,34.80181474598777,-16.917516366215878,2.0213356199047126,17.848055555555554
138.0,63861.4,52.5547101,-1.4697812,64.76,115.832,89.87,-0.04,0.1,0.0,65.56,65.45999,65.17,64.98999,-0.3999939,65.41,0.13974,-0.009180069,0.0,3.0,3.0,3725.0,87.0,0.0,-0.01000977,0.0,14.0,9.0,62.0,1.6191359098247582,-0.7838368070484157,36.420950655812526,-17.701353173264295,2.0216497791700716,17.98888888888889
138.0,63861.5,52.5547029,-1.4697572,65.08800000000001,115.916,89.88,-0.03,0.1,0.0,66.06,66.05,65.75999,65.56999,-0.1999817,65.95,0.14994,0.0,0.0,3.0,3.0,3783.0,87.0,0.0,-0.01000977,0.0,14.1,9.0,62.0,1.626179864587937,-0.7901917792591616,38.047130520400465,-18.491544952523455,2.023115855741747,18.080000000000002
138.0,63861.6,52.5546958,-1.4697330000000002,65.59899999999999,115.727,89.88,-0.02,0.1,0.0,66.62999,66.58,66.22,66.06,-0.1999817,66.46,0.1693199,0.0,0.0,3.0,3.0,3825.0,87.0,0.0,-0.01000977,0.0,14.0,9.0,62.0,1.6415649817309246,-0.7909848317881616,39.68869550213139,-19.282529784311617,2.0198171834554777,18.221944444444443
138.0,63861.7,52.5546886,-1.4697085,66.29,115.803,89.9,0.01,0.1,0.0,67.12999,67.09,67.08,66.78999,-0.3999939,67.01,0.1897199,-0.01938009,0.0,3.0,3.0,3799.0,87.0,0.0,-0.01000977,0.0,14.1,9.0,62.0,1.6577950170840734,-0.8015165135258755,41.346490519215465,-20.084046297837492,2.0211436336869935,18.41388888888889
138.0,63861.8,52.5546813,-1.4696838,66.96,115.912,89.91,0.03,0.1,0.0,67.67,67.67999,67.39999,67.22,-0.2999877999999999,67.53,0.1795198999999999,-0.009180069,0.0,3.0,3.0,3869.0,87.0,0.0,-0.01000977,0.0,14.1,9.0,62.0,1.6730072727531042,-0.8128017380119337,43.01949779196857,-20.896848035849427,2.0230460425716674,18.599999999999998
138.0,63861.9,52.5546739,-1.4696588999999998,67.442,115.858,89.92,0.04,0.1,0.0,68.34,68.34,68.16,67.8,-0.2999877999999999,68.25,0.1795198999999999,-0.02958012,0.0,3.0,3.0,3881.0,87.0,0.0,-0.01000977,0.0,14.1,9.0,62.0,1.6858209401302358,-0.8170640653160274,44.7053187320988,-21.713912101165455,2.0221035647755903,18.733888888888888
138.0,63862.0,52.5546665,-1.4696338,68.02600000000001,116.021,89.93,0.04,0.1,0.0,68.92,68.89999,68.58,68.44,-0.3999939,68.81,0.1795198999999999,-0.009180069,0.0,3.0,3.0,3935.0,87.0,0.0,-0.01000977,0.0,14.0,9.0,62.0,1.6980674959229782,-0.8289734196730528,46.40338622802178,-22.542885520838507,2.024948451456341,18.896111111111114
138.0,63862.1,52.5546589,-1.4696085,68.648,115.962,89.94,0.05,0.1,0.0,69.50999,69.51999,69.25999,69.00999,-0.2999877999999999,69.4,0.1897199,-0.009180069,0.0,3.0,3.0,3952.0,87.0,0.0,-0.01000977,0.0,14.1,9.0,61.5,1.7144544098028192,-0.8347881834786405,48.1178406378246,-23.377673704317147,2.0239187071976645,19.06888888888889
138.0,63862.2,52.5546513,-1.469583,69.268,116.053,89.96,0.07,0.1,0.0,70.03999,70.12,69.86,69.55,-0.3999939,69.99,0.1897199,0.0,0.0,3.0,3.0,4003.0,87.0,0.0,-0.01000977,0.0,14.0,9.0,59.5,1.7285986364537664,-0.8450741517472968,49.84643927427837,-24.222747856064444,2.025506956816979,19.24111111111111
138.0,63862.3,52.5546436,-1.4695572,69.96600000000001,116.005,89.96,0.07,0.1,0.0,70.73999,70.78,70.51999,70.17,-0.2999877999999999,70.66,0.1795198999999999,-0.009180069,0.0,3.0,3.0,4044.0,87.0,0.0,-0.01000977,0.0,14.1,9.0,58.0,1.7467318735457185,-0.8521267581407508,51.59317114782409,-25.074874614205196,2.0246691987760217,19.435000000000002
138.0,63862.4,52.5546359,-1.4695311999999998,70.459,115.955,89.98,0.08,0.1,0.0,71.33,71.33,70.98,70.67,-0.3999939,71.15,0.1897199,-0.009180069,0.0,3.0,3.0,4046.0,87.0,0.0,-0.01000977,0.0,14.0,9.0,33.5,1.7597880255021743,-0.8565957031548527,53.35295917332626,-25.93147031736005,2.0237965341500246,19.571944444444444
138.0,63862.5,52.5546281,-1.469505,71.14,116.066,89.99,0.08,0.1,0.0,71.86,71.87,71.76999,71.25,-0.1000061,71.7,0.1795198999999999,-0.01938009,0.0,3.0,3.0,4034.0,87.0,0.0,-0.01000977,0.0,14.1,9.0,0.0,1.775117851823203,-0.8683154585721525,55.128077025149466,-26.7997857759322,2.025733849619739,19.76111111111111
138.0,63862.6,52.5546202,-1.4694786,71.85600000000001,115.999,89.99,0.08,0.1,0.0,71.7,71.67999,71.72,71.25,-0.2999877999999999,71.39,0.08976007,0.0,0.0,4.0,3.0,4079.0,87.0,0.0,-0.01000977,0.0,14.0,9.0,0.0,1.794008187575531,-0.8749574977745826,56.922085212724994,-27.67474327370678,2.0245644790209023,19.96
138.0,63862.7,52.5546123,-1.4694521,71.953,116.116,89.99,0.07,0.1,0.0,71.61,71.58,71.98999,71.31999,-0.1999817,71.48,0.0,0.0,0.0,4.0,3.0,4080.0,87.0,0.0,20.17999,1.0,14.2,9.0,0.0,1.794637108657775,-0.8798051662053071,58.71672232138277,-28.55454843991209,2.026606514245736,19.986944444444443
138.0,63862.8,52.5546044,-1.4694257,71.899,116.11,90.01,0.08,0.1,0.0,69.56999,69.92999,70.70999,69.89999,0.0,70.1,-0.1091398999999999,-0.009180069,0.0,4.0,3.0,3979.0,87.0,0.0,45.12,1.0,14.2,9.0,0.0,1.793382305631646,-0.8789570835752301,60.510104627014414,-29.43350552348732,2.026501794490616,19.971944444444443
138.0,63862.9,52.5545966,-1.4693995,71.32,116.154,90.01,0.07,0.1,0.0,67.11,67.59,67.64,66.06999,0.8000183000000001,67.85,-0.4895999,0.009180069,0.0,4.0,3.0,3885.0,87.0,0.0,67.20999,1.0,14.1,9.0,0.0,1.7782701845493116,-0.8732447453668755,62.28837481156373,-30.306750268854195,2.0272697393614934,19.81111111111111
138.0,63863.0,52.5545889,-1.4693742,69.059,116.388,90.02,0.08,0.1,0.0,64.59999,65.28999,58.12,62.36,1.200012,65.55,-0.73032,0.02957988,0.0,4.0,3.0,3741.0,87.0,0.0,73.38,1.0,14.1,9.0,0.0,1.718427448777646,-0.8525862465245728,64.00680226034137,-31.15933651537877,2.0313538098111605,19.183055555555555
138.0,63863.1,52.5545817,-1.46935,65.941,116.191,90.03,0.07,0.1,0.0,62.47,63.14999,61.72,61.61,1.399994,63.11,-0.8006999,0.05915999,0.0,4.0,3.0,3537.0,87.0,0.0,56.759980000000006,1.0,14.1,9.0,0.0,1.6436301815859555,-0.8084456468980223,65.65043244192734,-31.96778216227679,2.0279155111847316,18.316944444444445
138.0,63863.2,52.554574900000006,-1.4693269,63.144,116.085,90.03,0.06,0.1,0.0,61.37999,61.56999,61.14,60.48999,0.5,61.65,-0.6405599000000001,0.02957988,0.0,4.0,3.0,3366.0,87.0,0.0,23.73999,1.0,14.1,9.0,0.0,1.5753423322651645,-0.7712409067038344,67.2257747741925,-32.73902306898063,2.0260654621776175,17.54
138.0,63863.3,52.5545682,-1.4693045,61.132,115.948,90.03,0.06,0.1,0.0,61.09,60.95,60.64999,60.25,-0.6000061,61.09,-0.3294601,0.009180069,0.0,4.0,3.0,3168.0,87.0,0.0,1.419983,1.0,14.0,9.0,0.0,1.5269271266077438,-0.7430174262481548,68.75270190080025,-33.48204049522878,2.023674361102385,16.98111111111111
138.0,63863.4,52.5545618,-1.4692821,60.444,115.447,90.02,0.05,0.1,0.0,60.87,60.72,60.59,60.28999,-0.5,60.74,-0.09996009,0.0,0.0,4.0,3.0,2928.0,87.0,0.0,-0.2400208,0.0,14.1,9.0,0.0,1.5161086777028225,-0.7214260027155931,70.26881057850306,-34.203466497944376,2.014930261549894,16.79
138.0,63863.5,52.5545552,-1.4692596999999998,60.786,115.476,90.02,0.03,0.1,0.0,60.64999,60.59,60.73,60.36,-0.2999877999999999,60.61,-0.01938009,-0.02958012,0.0,4.0,3.0,2756.0,87.0,0.0,-0.2400208,0.0,14.1,9.0,0.0,1.524319609608605,-0.7262795451908798,71.79313018811168,-34.92974604313525,2.015436407032972,16.885
138.0,63863.6,52.5545486,-1.4692373,60.617,115.837,90.02,0.04,0.1,0.0,60.459990000000005,60.39,60.55,60.349990000000005,-0.1999817,60.4,-0.009180069,-0.02958012,0.0,5.0,3.0,2661.0,87.0,0.0,-0.2400208,0.0,14.2,9.0,0.0,1.5154881826400086,-0.7338233555824165,73.30861837075169,-35.66356939871767,2.0217370456326718,16.838055555555556
138.0,63863.7,52.554542100000006,-1.469215,60.502,115.781,90.03,0.04,0.1,0.0,60.3,60.3,60.599990000000005,60.34,-0.1000061,60.34,0.0,-0.01938009,0.0,5.0,3.0,2548.0,87.0,0.0,-0.01000977,0.0,14.2,9.0,0.0,1.513328206966686,-0.7309524230680944,74.82194657771838,-36.394521821785766,2.020759661251555,16.80611111111111
138.0,63863.8,52.55453539999999,-1.4691926,60.649,115.889,90.03,0.05,0.1,0.0,60.28,60.23,60.45,60.19,-0.3999939,60.27,-0.009180069,0.0,0.0,5.0,3.0,2428.0,87.0,0.0,-0.01000977,0.0,14.2,9.0,8.5,1.5156212430791878,-0.7355865813546849,76.33756782079756,-37.130108403140454,2.0226446168437087,16.846944444444443
138.0,63863.9,52.5545288,-1.4691703000000005,60.487,115.855,90.04,0.05,0.1,0.0,60.25,60.14999,60.33,60.01999,-0.6000061,60.19,-0.01938009,-0.009180069,0.0,5.0,3.0,2433.0,87.0,0.0,-0.01000977,0.0,14.1,9.0,18.5,1.512007929522734,-0.7327246360006944,77.8495757503203,-37.86283303914115,2.0220512048980304,16.801944444444445
138.0,63864.0,52.5545223,-1.4691481000000002,60.268,115.786,90.04,0.04,0.1,0.0,60.26999,60.17,60.28,59.87,-0.6000061,60.24,-0.01938009,-0.009180069,0.0,5.0,3.0,2542.0,87.0,0.0,-0.01000977,0.0,14.1,9.0,23.5,1.5074116504771142,-0.728256910953505,79.35698740079741,-38.591089950094656,2.0208469277141545,16.74111111111111
138.0,63864.1,52.5545157,-1.469126,60.138000000000005,115.945,90.04,0.04,0.1,0.0,60.14,60.06999,60.17999,59.81,-0.6000061,60.12,-0.009180069,-0.009180069,0.0,5.0,3.0,2739.0,87.0,0.0,-0.01000977,0.0,14.1,9.0,27.0,1.502137719049651,-0.7308573889674461,80.85912511984706,-39.3219473390621,2.023622001224825,16.705000000000002
138.0,63864.2,52.5545092,-1.4691039,60.023,115.938,90.05,0.04,0.1,0.0,60.05,60.0,60.2,59.76999,-0.5,60.13,0.0,-0.009180069,0.0,5.0,3.0,2747.0,87.0,0.0,-0.01000977,0.0,14.1,9.0,31.0,1.4993543376197758,-0.7292766181958555,82.35847945746684,-40.05122395725795,2.0234998281771857,16.673055555555557
138.0,63864.3,52.5545026,-1.4690816,60.235,115.931,90.06,0.05,0.1,0.0,60.14,60.06999,60.209990000000005,59.73,-0.5,60.07,0.0,-0.009180069,0.0,5.0,3.0,2684.0,87.0,0.0,-0.01000977,0.0,14.1,9.0,34.0,1.5047394276748998,-0.7316685750531919,83.86321888514175,-40.782892532311145,2.023377655129546,16.731944444444444
138.0,63864.4,52.554496,-1.4690595,60.026,116.032,90.07,0.06,0.1,0.0,60.14,60.17,60.23999,59.76999,-0.3999939,60.11,0.009180069,-0.01938009,0.0,4.0,3.0,2602.0,87.0,0.0,-0.01000977,0.0,14.2,9.0,35.5,1.4982307412700477,-0.7317720633527403,85.3614496264118,-41.51466459566389,2.0251404376740605,16.67388888888889
138.0,63864.5,52.5544894,-1.4690374,60.152,116.047,90.07,0.06,0.1,0.0,60.23,60.209990000000005,60.2,59.86,-0.3999939,60.14,0.009180069,-0.01938009,0.0,4.0,3.0,2675.0,87.0,0.0,-0.01000977,0.0,14.1,9.0,37.5,1.5011836319615088,-0.7337011531565146,86.86263325837331,-42.248365748820405,2.0254022370618596,16.70888888888889
138.0,63864.6,52.5544828,-1.4690153,60.156000000000006,116.168,90.08,0.07,0.1,0.0,60.37999,60.3,60.31999,60.01999,-0.3999939,60.24,0.01937985,-0.01938009,0.0,4.0,3.0,2867.0,87.0,0.0,-0.01000977,0.0,14.1,9.0,39.0,1.499730542701695,-0.7369187874438267,88.362363801075,-42.98528453626423,2.027514085456773,16.71
138.0,63864.7,52.5544762,-1.4689930999999998,60.289,116.088,90.09,0.08,0.1,0.0,60.64999,60.62,60.50999,60.23999,-0.2999877999999999,60.51,0.04997993,-0.01938009,0.0,4.0,3.0,2886.0,87.0,0.0,-0.01000977,0.0,14.1,9.0,41.5,1.5040760665234578,-0.7364486868508962,89.86643986759846,-43.72173322311513,2.026117822055177,16.746944444444445
138.0,63864.8,52.5544695,-1.4689708,60.462,116.237,90.1,0.08,0.1,0.0,60.849990000000005,60.849990000000005,60.72,60.58,0.0,60.82,0.07956004,0.0,0.0,4.0,3.0,2808.0,87.0,0.0,-0.01000977,0.0,14.1,9.0,41.5,1.5064662720168087,-0.7424820679826409,91.37290613961527,-44.46421529109777,2.0287183626406486,16.795
138.0,63864.9,52.5544627,-1.4689485,60.836000000000006,116.26,90.11,0.08,0.1,0.0,61.23,61.25,61.01999,60.87,0.5,61.18,0.08976007,0.01937985,0.0,4.0,3.0,2683.0,87.0,0.0,-0.01000977,0.0,14.2,9.0,41.5,1.5154848084003143,-0.7476832566655397,92.88839094801558,-45.21189854776331,2.0291197883686074,16.89888888888889
138.0,63865.0,52.554456,-1.468926,61.139,116.141,90.11,0.07,0.1,0.0,61.73,61.64,61.5,61.34,0.5,61.48,0.09995985,0.009180069,0.0,4.0,3.0,2592.0,87.0,0.0,-0.01000977,0.0,14.1,9.0,42.0,1.5245901803818835,-0.7482423016069059,94.41298112839746,-45.96014084937022,2.0270428465587345,16.983055555555556
138.0,63865.1,52.5544492,-1.4689034,61.38399999999999,116.154,90.13,0.08,0.1,0.0,61.8,61.84,61.7,61.56,0.6000061,61.87,0.1193398999999999,0.009180069,0.0,4.0,3.0,2543.0,87.0,0.0,-0.01000977,0.0,14.1,9.0,42.5,1.5305291223832715,-0.7515879900392636,95.94351025078073,-46.71172883940948,2.0272697393614934,17.05111111111111
138.0,63865.2,52.5544424,-1.4688806,61.97,116.014,90.13,0.08,0.1,0.0,62.14999,62.209990000000005,62.48,62.19,0.7000122,62.12,0.1193398999999999,0.009180069,0.0,4.0,3.0,2523.0,87.0,0.0,-0.01000977,0.0,14.1,9.0,42.5,1.546989653185689,-0.754985244707832,97.49049990396642,-47.466714084117314,2.0248262784087014,17.21388888888889
138.0,63865.3,52.5544356,-1.4688575,62.586000000000006,115.878,90.14,0.09,0.1,0.0,62.78999,62.75,62.53999,62.12999,0.5,62.67,0.1091398999999999,0.009180069,0.0,4.0,3.0,2563.0,87.0,0.0,-0.01000977,0.0,14.1,9.0,44.5,1.564172664374249,-0.7587793658398752,99.05467256834068,-48.22549344995719,2.022452630625989,17.385
138.0,63865.4,52.5544288,-1.4688344999999998,62.471,115.88,90.13,0.06,0.1,0.0,63.25999,63.2,62.91,62.61,0.3000183,63.14,0.1091398999999999,0.009180069,0.0,4.0,3.0,2604.0,87.0,0.0,-0.01000977,0.0,14.1,9.0,46.5,1.5612721027852734,-0.7574396294137408,100.61594467112594,-48.98293307937093,2.022487537211029,17.353055555555553
138.0,63865.5,52.5544219,-1.4688113,62.914,115.768,90.12,0.04,0.1,0.0,63.55,63.56,63.42,63.06,0.5,63.54,0.1193398999999999,0.009180069,0.0,4.0,3.0,2638.0,87.0,0.0,-0.01000977,0.0,14.1,9.0,47.5,1.5738316504174636,-0.7597358302879071,102.1897763215434,-49.74266890965884,2.0205327684487955,17.476111111111113
138.0,63865.6,52.554415,-1.4687878,63.518,115.815,90.13,0.05,0.1,0.0,63.92,63.89999,63.91,63.47,0.3999939,63.9,0.1193398999999999,0.0,0.0,4.0,3.0,2690.0,87.0,0.0,-0.01000977,0.0,14.1,9.0,47.5,1.5883113421065145,-0.7683327610940268,103.77808766364991,-50.51100167075287,2.0213530731972327,17.64388888888889
138.0,63865.7,52.5544081,-1.4687642,63.832,115.763,90.14,0.06,0.1,0.0,64.31,64.31,64.26999,63.849990000000005,0.5,64.23,0.1193398999999999,0.009180069,0.0,4.0,3.0,2717.0,87.0,0.0,-0.01000977,0.0,14.1,9.0,48.5,1.5968632347958411,-0.7706820496826445,105.37495089844576,-51.28168372043551,2.0204455019861958,17.73111111111111
138.0,63865.8,52.5544012,-1.4687406,64.08,115.585,90.15,0.06,0.1,0.0,64.64,64.62999,64.59999,64.12999,0.1000061,64.63,0.1193398999999999,0.0,0.0,4.0,3.0,2748.0,87.0,0.0,-0.01000977,0.0,14.1,9.0,50.0,1.6054631952037786,-0.7686923499333623,106.98041409364954,-52.05037607036887,2.0173388159176455,17.8
138.0,63865.9,52.5543942,-1.4687166,64.681,115.495,90.16,0.07,0.1,0.0,65.03999,65.00999,65.00999,64.50999,-0.1999817,64.92,0.1193398999999999,-0.009180069,0.0,4.0,3.0,2766.0,87.0,0.0,-0.01000977,0.0,14.0,9.0,51.5,1.621737460191694,-0.7733553755606308,108.60215155384124,-52.8237314459295,2.015768019590851,17.966944444444444
138.0,63866.0,52.5543872,-1.4686925,65.066,115.414,90.16,0.07,0.1,0.0,65.41,65.42999,65.34999,64.8,-0.3999939,65.42,0.09995985,-0.02958012,0.0,4.0,3.0,2778.0,87.0,0.0,-0.01000977,0.0,14.1,9.0,53.0,1.632488692580429,-0.7756515095557117,110.23464024642166,-53.59938295548522,2.0143543028967357,18.073888888888888
138.0,63866.1,52.5543802,-1.4686684,65.167,115.492,90.17,0.06,0.1,0.0,65.95,65.97,65.59,65.12,-0.2999877999999999,65.84,0.09995985,-0.02958012,0.0,4.0,3.0,2774.0,87.0,0.0,-0.01000977,0.0,14.1,9.0,53.5,1.633963663475652,-0.7790806589428064,111.86860390989732,-54.37846361442802,2.0157156597132913,18.101944444444445
138.0,63866.2,52.5543731,-1.4686442,65.509,115.745,90.18,0.07,0.1,0.0,66.17999,66.17999,66.12,65.53999,-0.1999817,66.01,0.1091398999999999,-0.02958012,0.0,4.0,3.0,2802.0,87.0,0.0,-0.01000977,0.0,14.1,9.0,54.0,1.6390645651423794,-0.7904145889573391,113.5076684750397,-55.16887820338536,2.0201313427208367,18.196944444444444
138.0,63866.3,52.554366,-1.4686199,65.92699999999999,115.734,90.19,0.08,0.1,0.0,66.45999,66.48999,66.5,65.92999,-0.3999939,66.39,0.1193398999999999,-0.02958012,0.0,4.0,3.0,2822.0,87.0,0.0,-0.01000977,0.0,14.1,9.0,54.0,1.6496757992285063,-0.7951413680902478,115.1573442742682,-55.96401957147561,2.019939356503117,18.313055555555554
138.0,63866.4,52.5543588,-1.4685953,66.413,115.665,90.21,0.09,0.1,0.0,66.81999,66.84999,66.84,66.3,-0.3999939,66.82,0.1193398999999999,-0.02958012,0.0,4.0,3.0,2814.0,87.0,0.0,-0.01000977,0.0,14.1,9.0,54.0,1.6628002871219127,-0.7990010907100985,116.82014456139011,-56.76302066218571,2.0187350793192413,18.448055555555555
138.0,63866.5,52.5543515,-1.4685707,66.834,115.839,90.22,0.1,0.1,0.0,67.23,67.23999,67.17,66.64,-0.1999817,67.14,0.1193398999999999,-0.02958012,0.0,4.0,3.0,2807.0,87.0,0.0,-0.01000977,0.0,14.1,9.0,54.5,1.6708914193390716,-0.8091440630561799,118.49103598072918,-57.57216472524189,2.0217719522177116,18.565
138.0,63866.6,52.5543442,-1.4685459,67.212,115.808,90.23,0.1,0.1,0.0,67.67999,67.64999,67.53,66.98999,-0.2999877999999999,67.61,0.1193398999999999,-0.02958012,0.0,4.0,3.0,2800.0,87.0,0.0,-0.01000977,0.0,14.1,9.0,54.5,1.6807816727457436,-0.8128111518440315,120.17181765347492,-58.38497587708592,2.021230900149593,18.67
138.0,63866.7,52.5543368,-1.468521,67.453,115.843,90.23,0.09,0.1,0.0,68.06,68.06999,67.87,67.37,-0.3999939,68.05,0.1193398999999999,-0.01938009,0.0,4.0,3.0,2782.0,87.0,0.0,-0.01000977,0.0,14.1,9.0,55.0,1.686309786746788,-0.8167558841318363,121.85812744022171,-59.20173176121776,2.021841765387791,18.736944444444443
138.0,63866.8,52.5543294,-1.4684959999999998,67.946,115.966,90.24,0.09,0.1,0.0,68.45,68.42999,68.34,67.81,-0.3999939,68.4,0.1193398999999999,-0.009180069,0.0,4.0,3.0,2772.0,87.0,0.0,-0.01000977,0.0,14.1,9.0,55.5,1.6968645729725784,-0.8263700375085151,123.55499201319428,-60.028101798726276,2.023988520367744,18.87388888888889
138.0,63866.9,52.5543219,-1.4684707,68.454,115.855,90.25,0.09,0.1,0.0,68.78999,68.8,68.67999,68.19,-0.1000061,68.78,0.1091398999999999,0.0,0.0,4.0,3.0,2800.0,87.0,0.0,-0.01000977,0.0,14.1,9.0,55.5,1.711160923959681,-0.8292349138292778,125.26615293715396,-60.85733671255555,2.0220512048980304,19.014999999999997
138.0,63867.0,52.5543144,-1.4684454,68.695,115.929,90.25,0.08,0.1,0.0,69.16,69.23,69.12999,68.64999,0.3999939,69.17,0.1091398999999999,0.0,0.0,4.0,3.0,2790.0,87.0,0.0,-0.01000977,0.0,14.1,9.0,56.0,1.7161090627538471,-0.8343714535761363,126.9822619999078,-61.69170816613169,2.0233427485445064,19.081944444444442
138.0,63867.1,52.55430679999999,-1.4684199999999998,69.044,115.933,90.25,0.08,0.1,0.0,69.50999,69.53999,69.42,69.0,0.3999939,69.47,0.1091398999999999,0.009180069,0.0,4.0,3.0,2810.0,87.0,0.0,-0.01000977,0.0,14.1,9.0,56.5,1.7247690809958713,-0.8387308312945909,128.70703108090368,-62.53043899742628,2.0234125617145864,19.17888888888889
138.0,63867.2,52.5542993,-1.4683944,69.40100000000001,115.813,90.26,0.08,0.1,0.0,69.89,69.94,69.89999,69.45999,0.3999939,69.85,0.1193398999999999,0.009180069,0.0,4.0,3.0,2817.0,87.0,0.0,-0.01000977,0.0,14.1,9.0,58.0,1.7354491122575375,-0.8394347138374667,130.4424801931612,-63.36987371126375,2.021318166612193,19.278055555555557
138.0,63867.3,52.5542917,-1.4683686000000002,69.88,115.771,90.28,0.09,0.1,0.0,70.31999,70.31999,70.19,69.81999,0.3000183,70.27,0.1091398999999999,0.0,0.0,4.0,3.0,2838.0,87.0,0.0,-0.01000977,0.0,14.1,9.0,60.5,1.7480461546988533,-0.8439472653676671,132.19052634786004,-64.21382097663141,2.0205851283263554,19.411111111111108
138.0,63867.4,52.5542842,-1.4683426000000002,70.229,115.48,90.27,0.07,0.1,0.0,70.56,70.64,70.51999,70.12,0.2000122,70.59,0.1091398999999999,0.0,0.0,4.0,3.0,2845.0,87.0,0.0,-0.01000977,0.0,14.1,9.0,60.5,1.7610614404586717,-0.8392287641138432,133.9515877883187,-65.05304974074525,2.015506220203052,19.508055555555554
138.0,63867.5,52.5542765,-1.4683166,70.44800000000001,115.697,90.29,0.09,0.1,0.0,70.98,70.98999,70.89999,70.64,0.3999939,70.93999000000001,0.1091398999999999,0.0,0.0,4.0,3.0,2871.0,87.0,0.0,0.2299804999999999,0.0,14.1,9.0,0.0,1.763352042418918,-0.8485303164612454,135.71493983073762,-65.9015800572065,2.0192935846798794,19.56888888888889
138.0,63867.6,52.5542689,-1.4682903,71.006,115.599,90.3,0.09,0.1,0.0,71.20999,71.17999,71.25999,70.94,0.5,71.18999000000001,0.09995985,0.0,0.0,5.0,3.0,2857.0,87.0,0.0,-0.01000977,0.0,14.1,9.0,0.0,1.7787793288628593,-0.852210084558111,137.4937191596005,-66.75379014176461,2.017583162012925,19.72388888888889
138.0,63867.7,52.5542614,-1.4682639,71.057,115.065,90.3,0.07,0.1,0.0,71.11,71.06999,71.36,71.00999,0.2000122,71.04,0.04997993,0.0,0.0,5.0,3.0,2872.0,87.0,0.0,25.63998,1.0,14.1,9.0,0.0,1.7879278625322077,-0.8361951503823655,139.2816470221327,-67.58998529214698,2.008263103807275,19.738055555555555
138.0,63867.8,52.5542537,-1.4682375,71.266,115.354,90.32,0.09,0.1,0.0,69.06999,69.05,69.97,69.34999,0.3999939,69.52,-0.1193398999999999,0.0,0.0,5.0,3.0,2810.0,86.0,0.0,49.38998,1.0,14.1,9.0,0.0,1.7889337274570345,-0.8476887813350186,141.0705807495897,-68.437674073482,2.0133071053455387,19.796111111111113
138.0,63867.9,52.5542461,-1.4682113,70.906,115.59,90.34,0.11,0.1,0.0,66.56999,66.62999,66.05,64.48999,1.300018,67.11,-0.5202,0.009180069,0.0,5.0,3.0,2706.0,87.0,0.0,67.67999,1.0,14.1,9.0,0.0,1.7764078719704945,-0.8507308630898529,142.8469886215602,-69.28840493657185,2.0174260823802457,19.69611111111111
138.0,63868.0,52.5542387,-1.4681861,68.38600000000001,115.64,90.36,0.12,0.1,0.0,64.31999,64.31999,63.87999,63.53,1.5,64.97,-0.73032,0.02957988,0.0,5.0,3.0,2602.0,87.0,0.0,71.72,1.0,14.1,9.0,0.0,1.7125576471553388,-0.8219906803769496,144.55954626871554,-70.11039561694881,2.018298747006243,18.996111111111112
138.0,63868.1,52.5542318,-1.4681621,65.21,115.443,90.37,0.11,0.1,0.0,61.67999,61.87,61.39999,61.01999,1.200012,62.29,-0.8006999,0.01937985,0.0,5.0,3.0,2475.0,87.0,0.0,67.44,1.0,14.1,9.0,0.0,1.63570794348623,-0.7781961387761895,146.19525421220177,-70.888591755725,2.014860448379814,18.113888888888887
138.0,63868.2,52.554225200000005,-1.4681391,62.446000000000005,115.387,90.39,0.12,0.1,0.0,59.98,59.91,59.28,58.599990000000005,0.8000183000000001,60.07,-0.7701001000000001,0.02957988,0.0,5.0,3.0,2392.0,87.0,0.0,33.23999,1.0,14.1,9.0,0.0,1.567104212058462,-0.743680102825638,147.76235842426024,-71.63227185855064,2.013883063998697,17.346111111111114
138.0,63868.3,52.554219,-1.4681171,59.706,115.068,90.39,0.11,0.1,0.0,59.31,59.33,58.98999,58.66,-0.1000061,59.65,-0.4396199999999999,0.0,0.0,5.0,3.0,2349.0,87.0,0.0,-1.910004,1.0,14.1,9.0,0.0,1.5022785468244004,-0.7026958216406078,149.26463697108466,-72.33496768019124,2.008315463684835,16.585
138.0,63868.4,52.5542128,-1.4680953,58.68,114.956,90.39,0.1,0.1,0.0,58.849990000000005,58.75,58.8,58.39999,-0.5,58.93,-0.1693201,-0.01938009,0.0,5.0,3.0,2326.0,87.0,0.0,-0.2400208,0.0,14.1,9.0,0.0,1.4778102696803124,-0.687733092723771,150.74244724076496,-73.02270077291502,2.0063606949226016,16.3
138.0,63868.5,52.5542066,-1.4680734000000002,58.889,114.896,90.4,0.1,0.1,0.0,58.53,58.47,58.62999,58.17,-0.5,58.56,-0.06936002,-0.04997993,0.0,5.0,3.0,2302.0,87.0,0.0,-0.2400208,0.0,14.2,9.0,0.0,1.483795716710251,-0.6886291357898914,152.22624295747522,-73.71132990870491,2.005313497371405,16.358055555555556
138.0,63868.6,52.5542005,-1.4680516,58.644,114.816,90.42,0.11,0.1,0.0,58.47,58.22,58.66,58.03999,-1.5,58.4,-0.02958012,-0.09996009,0.0,5.0,3.0,2282.0,87.0,0.0,-0.2400208,0.0,13.9,9.0,14.5,1.4785786450241505,-0.6837003660073225,153.70482160249938,-74.39503027471224,2.0039172339698093,16.29
138.0,63868.7,52.55419429999999,-1.4680299,58.583,115.113,90.43,0.11,0.1,0.0,58.31999,58.12,58.50999,57.98999,-2.100006,58.26,-0.02958012,-0.07956004,0.0,5.0,3.0,2277.0,87.0,0.0,-0.01000977,0.0,14.1,9.0,25.0,1.4734804750652022,-0.6906364171860631,155.17830207756458,-75.0856666918983,2.0091008618482324,16.273055555555555
138.0,63868.8,52.554188,-1.4680083,58.331,115.309,90.44,0.11,0.1,0.0,58.28999,58.099990000000005,58.37,57.92,-1.899994,58.28,-0.01938009,-0.07956004,0.0,5.0,3.0,2427.0,87.0,0.0,-0.01000977,0.0,14.2,9.0,33.0,1.4647811899823278,-0.6926804160925539,156.6430832675469,-75.77834710799085,2.0125217071821413,16.203055555555554
138.0,63868.9,52.5541818,-1.4679867999999998,58.205,115.479,90.45,0.11,0.1,0.0,58.37999,58.17999,58.31999,57.87,-1.600006,58.17,0.0,-0.06936002,0.0,5.0,3.0,2361.0,87.0,0.0,-0.2400208,0.0,14.2,9.0,38.0,1.4595599207261802,-0.6955178231254001,158.10264318827308,-76.47386493111625,2.015488766910532,16.168055555555554
138.0,63869.0,52.55417550000001,-1.4679653,58.136,115.723,90.47,0.11,0.1,0.0,58.28999,58.14999,58.31999,57.89999,-1.600006,58.21,0.0,-0.05915999,0.0,5.0,3.0,2211.0,87.0,0.0,-0.01000977,0.0,14.1,9.0,42.0,1.4548580295830034,-0.7008953111661201,159.55750121785607,-77.17476024228237,2.019747370285398,16.14888888888889
138.0,63869.1,52.5541691,-1.4679438,58.302,115.85,90.48,0.12,0.1,0.0,58.37999,58.25,58.37,57.92999,-1.100006,58.25,0.01937985,-0.04997993,0.0,5.0,3.0,2009.0,87.0,0.0,-0.01000977,0.0,14.1,9.0,48.5,1.4574505916078968,-0.7061288997214261,161.01495180946398,-77.8808891420038,2.0219639384354307,16.195
138.0,63869.2,52.5541627,-1.4679223,58.313,115.988,90.49,0.12,0.1,0.0,58.44,58.33,58.50999,58.03999,-1.199982,58.36,0.02957988,-0.04997993,0.0,4.0,3.0,1863.0,87.0,0.0,-0.2400208,0.0,14.1,9.0,52.5,1.4560202755373686,-0.7097710863600515,162.47097208500134,-78.59066022836384,2.0243724928031828,16.198055555555555
138.0,63869.3,52.5541563,-1.4679009,58.331,116.043,90.5,0.11,0.1,0.0,58.599990000000005,58.53999,58.56,58.06999,-0.8999939,58.49,0.02957988,-0.02958012,0.0,4.0,3.0,1958.0,87.0,0.0,-0.2400208,0.0,14.0,9.0,54.0,1.4557875058723289,-0.711387961038294,163.92675959087367,-79.30204818940214,2.02533242389178,16.203055555555554
138.0,63869.4,52.5541499,-1.4678793,58.597,116.069,90.51,0.12,0.1,0.0,58.81,58.73,58.81999,58.31999,-0.1999817,58.72,0.0397799,-0.01938009,0.0,4.0,3.0,2022.0,87.0,0.0,-0.01000977,0.0,14.1,9.0,54.5,1.4621017221602242,-0.7152955742428553,165.38886131303389,-80.017343763645,2.0257862094972983,16.276944444444446
138.0,63869.5,52.5541434,-1.4678578000000002,58.651,116.362,90.52,0.12,0.1,0.0,58.94,58.89,58.87999,58.59,0.3000183,58.91,0.04997993,0.0,0.0,4.0,3.0,2138.0,87.0,0.0,-0.01000977,0.0,14.1,9.0,55.5,1.4597687410163083,-0.7234291676178841,166.8486300540502,-80.74077293126288,2.030900024205642,16.291944444444447
138.0,63869.6,52.5541369,-1.4678362,58.799,116.263,90.53,0.12,0.1,0.0,58.98,59.03,59.05,58.86,0.6000061,59.02,0.05915999,0.0,0.0,4.0,3.0,2251.0,87.0,0.0,-0.01000977,0.0,14.1,9.0,58.0,1.4647032879911435,-0.7227249241285202,168.31333334204135,-81.4634978553914,2.0291721482461673,16.333055555555553
138.0,63869.7,52.5541304,-1.4678143,59.195,115.909,90.55,0.12,0.1,0.0,59.23,59.28,59.23999,59.06999,0.5,59.12,0.04997993,0.0,0.0,4.0,3.0,2421.0,87.0,0.0,-0.01000977,0.0,14.1,9.0,60.5,1.479035015046058,-0.718467942429286,169.7923683570874,-82.18196579782068,2.0229936826941075,16.443055555555556
138.0,63869.8,52.5541239,-1.4677925,59.206,115.986,90.56,0.12,0.1,0.0,59.23999,59.23,59.209990000000005,59.08,0.3999939,59.21,0.02957988,0.0,0.0,4.0,3.0,2691.0,87.0,0.0,-0.01000977,0.0,14.1,9.0,62.5,1.4783427923471497,-0.7205888530260205,171.27071114943456,-82.9025546508467,2.024337586218143,16.44611111111111
138.0,63869.9,52.5541175,-1.4677708,59.18,115.937,90.57,0.12,0.1,0.0,59.349990000000005,59.39,59.33,59.11,0.7000122,59.31,0.01937985,0.0,0.0,4.0,3.0,3053.0,87.0,0.0,-0.01000977,0.0,14.2,9.0,63.5,1.4783090306436584,-0.7190084067170243,172.74902018007822,-83.62156305756372,2.023482374884666,16.43888888888889
138.0,63870.0,52.554111000000006,-1.4677489,59.328,115.82,90.58,0.13,0.1,0.0,59.44,59.47,59.39,59.19,0.7000122,59.45,0.04997993,0.0,0.0,3.0,3.0,3250.0,87.0,0.0,-0.01000977,0.0,14.1,9.0,63.5,1.4834748736130043,-0.7177787259029629,174.23249505369122,-84.33934178346668,2.0214403396598324,16.48
138.0,63870.1,52.5541046,-1.4677269,59.526,115.759,90.6,0.13,0.1,0.0,59.599990000000005,59.66,59.59,59.33,0.8000183000000001,59.6,0.04997993,0.0,0.0,3.0,3.0,3435.0,87.0,0.0,-0.01000977,0.0,14.1,9.0,63.5,1.4891916813706534,-0.7185891636647789,175.72168673506187,-85.05793094713145,2.0203756888161157,16.535
138.0,63870.2,52.5540981,-1.4677049,59.681,115.696,90.61,0.13,0.1,0.0,59.84,59.89999,59.81,59.48999,0.6000061,59.84,0.05915999,0.0,0.0,3.0,3.0,3482.0,87.0,0.0,-0.01000977,0.0,14.1,9.0,63.5,1.493860678545402,-0.7188181502485413,177.21554741360725,-85.77674909737999,2.0192761313873593,16.578055555555554
138.0,63870.3,52.5540916,-1.4676828,59.893,115.714,90.62,0.12,0.1,0.0,60.19,60.22,60.03999,59.709990000000005,0.6000061,60.1,0.06936002,0.0,0.0,3.0,3.0,3490.0,87.0,0.0,-0.01000977,0.0,14.1,9.0,63.5,1.4989404997447666,-0.7218424916144927,178.71448791335203,-86.49859158899449,2.0195902906527183,16.636944444444445
138.0,63870.4,52.5540851,-1.4676606,60.088,115.575,90.63,0.12,0.1,0.0,60.53,60.48,60.39999,60.08,0.8000183000000001,60.49,0.07956004,0.009180069,0.0,3.0,3.0,3492.0,87.0,0.0,-0.01000977,0.0,14.1,9.0,63.5,1.5055732293662203,-0.7205422626399782,180.22006114271824,-87.21913385163447,2.0171642829924465,16.691111111111113
138.0,63870.5,52.5540786,-1.4676382,60.386,115.461,90.64,0.12,0.1,0.0,60.78999,60.73999,60.73999,60.45,0.5,60.73,0.08976007,0.0,0.0,3.0,3.0,3535.0,87.0,0.0,-0.01000977,0.0,14.1,9.0,63.5,1.5144777178553364,-0.7211038251788675,181.73453886057356,-87.94023767681334,2.015174607645173,16.77388888888889
138.0,63870.6,52.5540722,-1.4676157,60.656000000000006,115.362,90.66,0.13,0.1,0.0,61.3,61.3,61.08,60.86,0.5,61.19,0.1091398999999999,0.0,0.0,3.0,3.0,3564.0,87.0,0.0,-0.01000977,0.0,14.1,9.0,63.5,1.5224985812316238,-0.7216984398271399,183.25703744180518,-88.66193611664048,2.0134467316856983,16.84888888888889
138.0,63870.7,52.5540657,-1.4675932,60.962,115.277,90.67,0.13,0.1,0.0,61.78999,61.849990000000005,61.56999,61.33,0.5,61.76,0.14994,0.0,0.0,3.0,3.0,3517.0,87.0,0.0,-0.01000977,0.0,14.1,9.0,63.5,1.5312537258725245,-0.7230684310726463,184.7882911676777,-89.38500454771312,2.0119632018215032,16.93388888888889
138.0,63870.8,52.5540591,-1.4675703,61.675,115.275,90.69,0.13,0.1,0.0,62.39,62.44,62.14,61.94,0.2000122,62.32,0.16014,-0.01938009,0.0,3.0,3.0,3588.0,87.0,0.0,-0.01000977,0.0,14.1,9.0,63.5,1.5491885133916272,-0.7314712259896139,186.33747968106934,-90.11647577370273,2.0119282952364634,17.131944444444443
138.0,63870.9,52.5540525,-1.4675471999999998,62.125,115.17,90.7,0.14,0.1,0.0,62.98,62.98999,62.61,62.44,-0.1000061,62.85,0.1795198999999999,-0.009180069,0.0,3.0,3.0,3616.0,87.0,0.0,-0.01000977,0.0,14.1,9.0,63.5,1.5618395255975666,-0.7339472813953247,187.89931920666692,-90.85042305509806,2.0100956995218695,17.256944444444443
138.0,63871.0,52.5540458,-1.467524,62.56399999999999,115.177,90.72,0.14,0.1,0.0,63.5,63.55,63.25999,63.0,-0.1000061,63.4,0.1795198999999999,-0.01938009,0.0,3.0,3.0,3625.0,87.0,0.0,-0.01000977,0.0,14.1,9.0,63.5,1.5727857919588155,-0.7393258028338644,189.47210499862572,-91.58974885793192,2.010217872569509,17.378888888888888
138.0,63871.1,52.5540391,-1.4675005,63.324,115.143,90.73,0.14,0.1,0.0,64.12999,64.14,63.78999,63.599990000000005,-0.1999817,63.95,0.1795198999999999,-0.01938009,0.0,3.0,3.0,3657.0,87.0,0.0,-0.01000977,0.0,14.1,9.0,63.5,1.592335077035953,-0.7473620290333899,191.06444007566168,-92.33711088696532,2.0096244606238307,17.59
138.0,63871.2,52.5540323,-1.4674768,63.824,115.189,90.75,0.14,0.1,0.0,64.64999,64.61,64.33,63.98999,-0.1999817,64.43,0.1795198999999999,-0.01938009,0.0,3.0,3.0,3669.0,87.0,0.0,-0.01000977,0.0,14.1,9.0,63.5,1.6043027207149496,-0.7545513850310595,192.66874279637662,-93.09166227199638,2.0104273120797482,17.72888888888889
138.0,63871.3,52.5540254,-1.4674529,64.465,115.233,90.76,0.15,0.1,0.0,65.20999,65.20999,64.94,64.64,0.0,65.06,0.1795198999999999,-0.01938009,0.0,3.0,3.0,3701.0,87.0,0.0,-0.01000977,0.0,14.1,9.0,63.5,1.619829373045689,-0.7633736932738834,194.2885721694223,-93.85503596527026,2.011195256950626,17.906944444444445
138.0,63871.4,52.5540185,-1.4674289,64.908,115.307,90.77,0.15,0.1,0.0,65.8,65.78999,65.51999,65.22,-0.1000061,65.62,0.1795198999999999,-0.009180069,0.0,3.0,3.0,3743.0,87.0,0.0,-0.01000977,0.0,14.1,9.0,64.0,1.6299666873357443,-0.7707253714363764,195.91853885675806,-94.62576133670663,2.0124868005971015,18.03
138.0,63871.5,52.5540115,-1.4674045,65.585,115.185,90.79,0.15,0.1,0.0,66.39,66.36,66.03,65.70999,-0.1999817,66.13,0.1795198999999999,-0.009180069,0.0,3.0,3.0,3798.0,87.0,0.0,-0.01000977,0.0,14.1,9.0,64.5,1.6486219689091635,-0.7752554971641028,197.56716082566723,-95.40101683387073,2.0103574989096686,18.218055555555555
138.0,63871.6,52.5540045,-1.4673801,65.93,115.185,90.81,0.16,0.1,0.0,66.95,66.92999,66.64999,66.3,-0.1999817,66.77,0.1795198999999999,-0.01938009,0.0,3.0,3.0,3845.0,87.0,0.0,-0.01000977,0.0,14.1,9.0,64.5,1.6572942961070543,-0.779333611771431,199.2244551217743,-96.18035044564216,2.0103574989096686,18.31388888888889
138.0,63871.7,52.5539974,-1.4673554,66.571,115.228,90.83,0.17,0.1,0.0,67.47,67.44,67.17999,66.81999,-0.3999939,67.29,0.1795198999999999,-0.009180069,0.0,3.0,3.0,3870.0,87.0,0.0,-0.01000977,0.0,14.1,9.0,48.0,1.672816187660335,-0.7881662868111904,200.89727130943464,-96.96851673245335,2.011107990488026,18.491944444444442
138.0,63871.8,52.5539902,-1.4673305,67.158,115.164,90.86,0.19,0.1,0.0,67.98,68.00999,67.73,67.39999,-0.1999817,67.85,0.1795198999999999,-0.01938009,0.0,3.0,3.0,3897.0,87.0,0.0,-0.01000977,0.0,14.1,9.0,0.0,1.6884536010763302,-0.7932305383760601,202.58572491051098,-97.76174727082942,2.0099909797667497,18.655
138.0,63871.9,52.553983,-1.4673053,67.80199999999999,115.253,90.88,0.2,0.1,0.0,68.03,67.95999,67.92,67.61,-0.1000061,67.42,0.1193398999999999,-0.009180069,0.0,4.0,3.0,3941.0,87.0,0.0,-0.01000977,0.0,14.1,9.0,0.0,1.7033987034574463,-0.8034840159266476,204.28912361396843,-98.56523128675606,2.011544322801025,18.833888888888886
138.0,63872.0,52.5539757,-1.46728,68.152,115.193,90.92,0.21,0.1,0.0,67.55,67.48999,67.95,67.59999,-0.1000061,67.65,0.01937985,-0.01938009,0.0,4.0,3.0,3979.0,87.0,0.0,26.12,1.0,14.1,9.0,0.0,1.7130366111537818,-0.8058382268539467,206.0021602251222,-99.37106951361001,2.010497125249828,18.93111111111111
138.0,63872.1,52.5539684,-1.4672549,67.99,115.421,90.94,0.21,0.1,0.0,65.62999,65.64,66.26999,65.64,-0.1000061,66.02,-0.1897202,0.0,0.0,4.0,3.0,3918.0,87.0,0.0,47.48999,1.0,14.2,9.0,0.0,1.7057520424744412,-0.8107169041080969,207.70791226759664,-100.1817864177181,2.014476475944375,18.88611111111111
138.0,63872.2,52.5539613,-1.4672301000000003,67.039,115.495,90.96,0.21,0.1,0.0,63.209990000000005,63.28,63.11,62.8,0.3999939,63.81,-0.5497801,0.009180069,0.0,4.0,3.0,3766.0,87.0,0.0,65.31,1.0,14.1,9.0,0.0,1.680859256872822,-0.8015486931588742,209.38877152446946,-100.98333511087698,2.015768019590851,18.621944444444445
138.0,63872.3,52.5539544,-1.4672063000000002,64.454,115.345,90.98,0.21,0.1,0.0,61.01999,60.92,59.8,60.51999,0.8999939,61.65,-0.73032,0.02957988,0.0,4.0,3.0,3619.0,87.0,0.0,67.67999,1.0,14.1,9.0,0.0,1.618057915363515,-0.766407826151498,211.00682943983298,-101.74974293702847,2.0131500257128594,17.903888888888886
138.0,63872.4,52.5539479,-1.4671836,61.693000000000005,115.363,91.0,0.22,0.1,0.0,59.75,59.66,59.11,58.34,0.5,59.7,-0.7099199,0.009180069,0.0,4.0,3.0,3394.0,87.0,0.0,21.84,1.0,14.1,9.0,0.0,1.5485150334958795,-0.7340639208931394,212.55534447332886,-102.4838068579216,2.0134641849782184,17.136944444444445
138.0,63872.5,52.5539417,-1.4671619,58.975,115.146,91.03,0.22,0.1,0.0,59.209990000000005,59.14999,58.86,58.45,-0.5,59.39,-0.3294601,-0.009180069,0.0,4.0,3.0,3142.0,87.0,0.0,-0.01000977,1.0,14.1,9.0,0.0,1.482939379105684,-0.6961119419362738,214.03828385243455,-103.17991879985789,2.0096768205013906,16.381944444444443
138.0,63872.6,52.5539356,-1.4671402,58.349,115.032,91.05,0.23,0.1,0.0,58.98,58.92,58.83,58.36,-1.100006,59.0,-0.07956004,-0.01938009,0.0,4.0,3.0,2935.0,87.0,0.0,-0.01000977,0.0,14.1,9.0,0.0,1.4685659010551235,-0.6858023353546603,215.50684975348966,-103.86572113521255,2.007687145154117,16.208055555555553
138.0,63872.7,52.5539294,-1.4671183,59.008,114.8,91.06,0.22,0.1,0.0,58.75,58.67999,58.78999,58.39999,-0.6999816999999999,58.76,-0.009180069,-0.03978014,0.0,4.0,3.0,2712.0,87.0,0.0,-0.01000977,0.0,14.1,9.0,0.0,1.4879481514797188,-0.6875285689162229,216.99479790496937,-104.55324970412877,2.0036379812894904,16.391111111111112
138.0,63872.8,52.5539232,-1.4670965,58.622,115.067,91.1,0.24,0.1,0.0,58.53,58.42,58.72,58.31999,-0.6000061,58.49,0.0,-0.03978014,0.0,5.0,3.0,2565.0,87.0,0.0,-0.2400208,0.0,14.1,9.0,18.0,1.475015775962016,-0.6899121930506539,218.4698136809314,-105.24316189717943,2.008298010392315,16.28388888888889
138.0,63872.9,52.5539169,-1.4670748,58.716,115.398,91.12,0.24,0.1,0.0,58.39,58.3,58.66,58.37999,-0.6000061,58.38,-0.009180069,-0.01938009,0.0,5.0,3.0,2555.0,87.0,0.0,-0.2400208,0.0,14.1,9.0,30.5,1.4733642821720478,-0.6995417728911162,219.94317796310344,-105.94270367007054,2.0140750502164164,16.31
138.0,63873.0,52.5539106,-1.4670530000000002,58.684,115.282,91.16,0.27,0.1,0.0,58.349990000000005,58.31,58.48,58.16,-0.6999816999999999,58.34,-0.01938009,-0.01938009,0.0,5.0,3.0,2771.0,87.0,0.0,-0.01000977,0.0,14.1,9.0,36.5,1.473973792995631,-0.6961777733668134,221.41715175609906,-106.63888144343736,2.012050468284103,16.30111111111111
138.0,63873.1,52.5539044,-1.4670315,58.255,115.186,91.19,0.27,0.1,0.0,58.34,58.33,58.28999,58.0,-0.7999878,58.29,-0.009180069,-0.02958012,0.0,5.0,3.0,2839.0,87.0,0.0,-0.01000977,0.0,14.1,9.0,41.0,1.4643544186886521,-0.6886358954468492,222.88150617478772,-107.3275173388842,2.0103749522021888,16.181944444444444
138.0,63873.2,52.553898200000006,-1.4670099,58.126000000000005,115.286,91.22,0.27,0.1,0.0,58.36,58.22,58.23,57.89999,-0.6999816999999999,58.23,0.0,-0.01938009,0.0,5.0,3.0,2822.0,87.0,0.0,-0.01000977,0.0,14.1,9.0,47.0,1.4599102893650024,-0.6896600518586324,224.34141646415273,-108.01717739074284,2.012120281454183,16.14611111111111
138.0,63873.3,52.553892,-1.4669884000000002,58.19,115.429,91.25,0.28,0.1,0.0,58.26999,58.209990000000005,58.26999,57.89,-0.3999939,58.18,0.009180069,-0.02958012,0.0,5.0,3.0,2732.0,87.0,0.0,-0.01000977,0.0,14.2,9.0,48.0,1.459790019493623,-0.6940649386838845,225.80120648364635,-108.71124232942672,2.014616102284535,16.163888888888888
138.0,63873.4,52.5538858,-1.4669669,58.266000000000005,115.412,91.28,0.28,0.1,0.0,58.25,58.26999,58.349990000000005,57.92999,-0.3999939,58.28,0.02957988,-0.02958012,0.0,5.0,3.0,2564.0,87.0,0.0,-0.01000977,0.0,14.1,9.0,49.5,1.461902739925849,-0.6945377088375377,227.2631092235722,-109.40578003826427,2.014319396311696,16.185000000000002
138.0,63873.5,52.5538795,-1.4669453,58.266000000000005,115.502,91.31,0.29,0.1,0.0,58.349990000000005,58.39,58.44,58.03,-0.3999939,58.34,0.02957988,-0.01938009,0.0,4.0,3.0,2367.0,87.0,0.0,-0.01000977,0.0,14.2,9.0,52.0,1.4608099595427897,-0.6968332024958299,228.723919183115,-110.10261324076009,2.0158901926384902,16.185000000000002
138.0,63873.6,52.553873200000005,-1.4669237,58.381,115.639,91.34,0.29,0.1,0.0,58.349990000000005,58.31,58.47,58.17999,-0.3999939,58.46,0.02957988,-0.01938009,0.0,4.0,3.0,2272.0,87.0,0.0,-0.01000977,0.0,14.1,9.0,53.0,1.4620195002351788,-0.7017063859436176,230.18593868335017,-110.80431962670372,2.0182812937137227,16.216944444444444
138.0,63873.7,52.5538669,-1.4669021999999998,58.334,115.412,91.37,0.3,0.1,0.0,58.48999,58.47,58.51999,58.25999,-0.2999877999999999,58.44,0.02957988,-0.01938009,0.0,4.0,3.0,2451.0,87.0,0.0,-0.01000977,0.0,14.1,9.0,55.5,1.4636088701959027,-0.6953482769939403,231.64954755354609,-111.49966790369766,2.014319396311696,16.20388888888889
138.0,63873.8,52.5538607,-1.4668805,58.518,115.403,91.41,0.3,0.1,0.0,58.66,58.66,58.62999,58.37999,-0.2999877999999999,58.67,0.02957988,-0.02958012,0.0,4.0,3.0,2677.0,87.0,0.0,-0.9599915,0.0,14.1,9.0,58.5,1.4683350094465222,-0.6973109421439486,233.1178825629926,-112.1969788458416,2.014162316679016,16.255
138.0,63873.9,52.5538544,-1.4668589,58.374,115.578,91.43,0.3,0.1,0.0,58.66,58.67,58.64999,58.349990000000005,-0.2999877999999999,58.63,0.04997993,-0.02958012,0.0,4.0,3.0,2871.0,87.0,0.0,-0.01000977,0.0,14.1,9.0,59.0,1.4625903552322543,-0.7000654989224854,234.58047291822487,-112.89704434476408,2.0172166428700065,16.215
138.0,63874.0,52.5538481,-1.4668373,58.468,115.479,91.46,0.3,0.1,0.0,58.76999,58.8,58.67999,58.37999,-0.1000061,58.69,0.0397799,-0.02958012,0.0,4.0,3.0,3232.0,87.0,0.0,-0.01000977,0.0,14.2,9.0,60.0,1.4661549599693895,-0.6986605288634293,236.04662787819427,-113.59570487362751,2.015488766910532,16.241111111111113
138.0,63874.1,52.5538417,-1.4668157000000002,58.59,115.723,91.51,0.33,0.1,0.0,58.92999,58.87999,58.78999,58.48999,0.0,58.8,0.04997993,-0.02958012,0.0,3.0,3.0,3397.0,87.0,0.0,-0.01000977,0.0,14.1,9.0,60.0,1.4662194157366892,-0.7063687952597871,237.51284729393097,-114.3020736688873,2.019747370285398,16.275000000000002
138.0,63874.2,52.5538354,-1.4667939,58.777,115.485,91.54,0.33,0.1,0.0,59.0,59.00999,58.92999,58.56,0.0,58.91,0.05915999,-0.02958012,0.0,3.0,3.0,3479.0,87.0,0.0,-0.01000977,0.0,14.1,9.0,60.0,1.4738299458691664,-0.7025072523319904,238.98667723980014,-115.00458092121929,2.0155934866656513,16.326944444444443
138.0,63874.3,52.55382899999999,-1.4667722,58.705,115.788,91.59,0.36,0.1,0.0,59.09,59.09,59.01999,58.7,-0.1999817,59.09,0.07956004,-0.01938009,0.0,3.0,3.0,3439.0,87.0,0.0,-0.01000977,0.0,14.1,9.0,60.0,1.468293431834215,-0.7094214327002527,240.45497067163436,-115.71400235391954,2.0208818342991943,16.306944444444444
138.0,63874.4,52.5538227,-1.4667504,59.162,115.508,91.63,0.36,0.1,0.0,59.28,59.28,59.31999,59.03,-0.1000061,59.33,0.07956004,-0.01938009,0.0,3.0,3.0,3462.0,87.0,0.0,-0.01000977,0.0,14.1,9.0,60.0,1.483199827878513,-0.7077042536996693,241.93817049951286,-116.42170660761921,2.01599491239361,16.433888888888887
138.0,63874.5,52.5538163,-1.4667285,59.191,115.639,91.68,0.38,0.1,0.0,59.67999,59.62999,59.56999,59.25999,-0.1000061,59.59,0.07956004,-0.02958012,0.0,3.0,3.0,3456.0,87.0,0.0,-0.01000977,0.0,14.1,9.0,60.0,1.482304109871713,-0.7114421248417921,243.42047460938457,-117.13314873246101,2.0182812937137227,16.441944444444445
138.0,63874.6,52.553809900000005,-1.4667065,59.432,115.643,91.72,0.38,0.1,0.0,59.91,59.81,59.7,59.51999,-0.1000061,59.81,0.08976007,-0.01938009,0.0,3.0,3.0,3496.0,87.0,0.0,-0.01000977,0.0,14.0,9.0,60.5,1.4882895334231552,-0.7144427116010619,244.9087641428077,-117.84759144406208,2.0183511068838027,16.50888888888889
138.0,63874.7,52.5538034,-1.4666845,59.656000000000006,115.556,91.76,0.39,0.1,0.0,60.25999,60.2,60.08,59.84,-0.1000061,60.16,0.1091398999999999,-0.01938009,0.0,3.0,3.0,3476.0,87.0,0.0,-0.01000977,0.0,14.1,9.0,60.5,1.4949861185012054,-0.7148662392759928,246.40375026130891,-118.56245768333807,2.0168326704345674,16.57111111111111
138.0,63874.8,52.5537969,-1.4666621999999998,60.07,115.609,91.81,0.4,0.1,0.0,60.62999,60.67999,60.59,60.26999,0.0,60.61,0.14994,-0.02958012,0.0,3.0,3.0,3429.0,87.0,0.0,-0.01000977,0.0,14.1,9.0,60.5,1.5046945035990262,-0.7212194471603884,247.90844476490793,-119.28367713049846,2.0177576949381244,16.68611111111111
138.0,63874.9,52.5537904,-1.4666399,60.44,115.583,91.85,0.41,0.1,0.0,61.16,61.22,60.92,60.59,-0.1000061,61.07,0.14994,-0.02958012,0.0,3.0,3.0,3510.0,87.0,0.0,-0.2400208,0.0,14.1,9.0,60.5,1.5142917791941217,-0.7249746952133359,249.42273654410204,-120.0086518257118,2.0173039093326057,16.788888888888888
138.0,63875.0,52.5537839,-1.4666173999999998,60.772,115.593,91.89,0.4,0.1,0.0,61.73,61.72,61.3,61.08,-0.1999817,61.58,0.1693199,-0.01938009,0.0,3.0,3.0,3544.0,87.0,0.0,-0.01000977,0.0,14.1,9.0,60.5,1.5224826109142304,-0.729222752607582,250.94521915501628,-120.73787457831938,2.0174784422578056,16.88111111111111
138.0,63875.1,52.5537772,-1.4665946999999997,61.466,115.729,91.94,0.41,0.1,0.0,62.209990000000005,62.22,61.95,61.599990000000005,-0.1999817,62.11,0.1795198999999999,-0.02958012,0.0,3.0,3.0,3537.0,87.0,0.0,-0.01000977,0.0,14.1,9.0,60.5,1.538113934568123,-0.741203306919635,252.4833330895844,-121.47907788523901,2.0198520900405175,17.073888888888888
138.0,63875.2,52.553770500000006,-1.4665718,61.938,115.665,91.98,0.41,0.1,0.0,62.78,62.73999,62.39999,62.11,-0.1999817,62.62,0.1795198999999999,-0.01938009,0.0,3.0,3.0,3565.0,87.0,0.0,-0.01000977,0.0,14.1,9.0,60.5,1.5507584988444587,-0.7451632896631998,254.03409158842885,-122.2242411749022,2.0187350793192413,17.205000000000002
138.0,63875.3,52.5537637,-1.4665488000000002,62.345,115.65,92.03,0.43,0.1,0.0,63.25999,63.26999,62.97,62.62999,-0.1999817,63.12,0.1795198999999999,-0.01938009,0.0,3.0,3.0,3599.0,87.0,0.0,-0.01000977,0.0,14.1,9.0,60.5,1.5611449798989712,-0.7496511415247281,255.59523656832783,-122.97389231642693,2.018473279931442,17.318055555555556
138.0,63875.4,52.553757,-1.4665256,62.626000000000005,115.385,92.08,0.45,0.1,0.0,63.69,63.66,63.459990000000005,63.06,-0.1999817,63.54,0.1795198999999999,-0.01938009,0.0,3.0,3.0,3635.0,87.0,0.0,-0.01000977,0.0,14.1,9.0,60.5,1.5716474082207765,-0.7457688932465278,257.1668839765486,-123.71966120967346,2.013848157413657,17.39611111111111
138.0,63875.5,52.5537501,-1.4665021,63.569,115.831,92.13,0.45,0.1,0.0,64.22,64.19,63.95,63.55,-0.1999817,64.03,0.1897199,-0.01938009,0.0,3.0,3.0,3665.0,87.0,0.0,-0.01000977,0.0,14.1,9.0,60.5,1.5893718390021736,-0.7693935387158598,258.7562558155508,-124.48905474838932,2.021632325877552,17.658055555555556
138.0,63875.6,52.5537432,-1.4664784,63.997,115.384,92.19,0.48,0.1,0.0,64.75,64.73999,64.48999,64.05,-0.1999817,64.6,0.1897199,-0.02958012,0.0,3.0,3.0,3683.0,87.0,0.0,-0.01000977,0.0,14.1,9.0,29.5,1.6060670035031237,-0.7620671348819202,260.36232281905393,-125.25112188327124,2.0138307041211374,17.776944444444442
138.0,63875.7,52.5537362,-1.4664545999999998,64.483,115.714,92.23,0.46,0.1,0.0,65.17999,65.17999,64.92,64.62999,-0.1000061,65.09,0.1795198999999999,-0.01938009,0.0,3.0,3.0,3669.0,87.0,0.0,-0.01000977,0.0,14.1,9.0,0.0,1.6138143062635326,-0.7771620955166267,261.97613712531745,-126.02828397878787,2.0195902906527183,17.911944444444444
138.0,63875.8,52.5537292,-1.4664305000000002,65.027,115.709,92.28,0.47,0.1,0.0,65.16,65.08,65.12999,64.69,-0.1000061,64.68,0.09995985,-0.009180069,0.0,4.0,3.0,3711.0,87.0,0.0,-0.01000977,0.0,14.1,9.0,0.0,1.6274973657724023,-0.7835764700619557,263.60363449108985,-126.81186044884983,2.0195030241901186,18.063055555555554
138.0,63875.9,52.5537221,-1.4664064,65.17399999999999,115.604,92.34,0.48,0.1,0.0,64.73999,64.7,65.03999,64.59999,-0.1000061,64.73,0.01937985,-0.01938009,0.0,4.0,3.0,3771.0,87.0,0.0,20.17999,1.0,14.1,9.0,0.0,1.6326129705834802,-0.7823572184717984,265.2362474616733,-127.59421766732163,2.0176704284755247,18.103888888888886
138.0,63876.0,52.5537151,-1.4663824,65.05199999999999,115.745,92.4,0.5,0.1,0.0,62.87999,62.95,63.73999,63.16,0.1000061,63.25,-0.14994,-0.009180069,0.0,4.0,3.0,3690.0,87.0,0.0,40.84,1.0,14.2,9.0,0.0,1.6276302201474917,-0.7849005455869089,266.8638776818208,-128.37911821290854,2.0201313427208367,18.069999999999997
138.0,63876.1,52.5537081,-1.4663587,64.422,115.796,92.45,0.51,0.1,0.0,60.58,60.81,60.76999,59.98,0.7000122,61.09,-0.4804201,0.009180069,0.0,4.0,3.0,3577.0,87.0,0.0,58.66,1.0,14.1,9.0,0.0,1.6111748112098951,-0.7787335730034749,268.47505249303066,-129.15785178591202,2.021021460639354,17.895
138.0,63876.2,52.5537014,-1.4663359,61.967,115.892,92.5,0.5,0.1,0.0,58.17999,58.55,58.56,58.14999,1.0,58.72,-0.6803401,0.02957988,0.0,4.0,3.0,3441.0,87.0,0.0,63.16998,1.0,14.1,9.0,0.0,1.5485187681297852,-0.7516531383133002,270.02357126116044,-129.9095049242253,2.022696976721268,17.213055555555556
138.0,63876.3,52.5536951,-1.4663142,59.177,115.604,92.54,0.49,0.1,0.0,56.84,56.86,56.36,55.92,0.8999939,57.05,-0.6905401,0.02957988,0.0,4.0,3.0,3229.0,87.0,0.0,29.91998,1.0,14.1,9.0,0.0,1.4823877276247985,-0.7103684462746742,271.50595898878527,-130.6198733705,2.0176704284755247,16.438055555555554
138.0,63876.4,52.55368910000001,-1.4662933,56.7,115.613,92.59,0.49,0.1,0.0,56.5,56.53,56.11,55.84,0.1000061,56.68,-0.36006,0.0,0.0,4.0,3.0,3016.0,87.0,0.0,-0.7200012,0.0,14.1,9.0,0.0,1.4202317840225334,-0.6808573122557858,272.9261907728078,-131.30073068275578,2.017827508108204,15.75
138.0,63876.5,52.5536832,-1.4662728,55.663,115.211,92.62,0.47,0.1,0.0,56.16,56.23,55.87,55.67,0.0,56.3,-0.08976007,0.0,0.0,4.0,3.0,2771.0,87.0,0.0,-0.2400208,0.0,14.1,9.0,0.0,1.3989121441823602,-0.6586061591649257,274.32510291699015,-131.9593368419207,2.010811284515187,15.461944444444443
138.0,63876.6,52.5536772,-1.466252,56.041,115.242,92.65,0.45,0.1,0.0,55.94,55.95,55.87999,55.64999,0.3000183,55.94,0.0,0.0,0.0,4.0,3.0,2570.0,87.0,0.0,-0.01000977,0.0,14.1,9.0,0.0,1.4080530035354812,-0.663840592762229,275.73315592052563,-132.62317743468293,2.0113523365833053,15.566944444444443
138.0,63876.7,52.5536712,-1.4662313,55.973,115.368,92.69,0.45,0.1,0.0,55.67,55.72,55.849990000000005,55.50999,0.3999939,55.74,0.0,-0.009180069,0.0,5.0,3.0,2421.0,87.0,0.0,-0.01000977,0.0,14.1,9.0,8.5,1.4048829860174994,-0.6661261976419889,277.13803890654316,-133.28930363232493,2.013551451440818,15.548055555555555
138.0,63876.8,52.5536652,-1.4662107000000002,55.843,115.392,92.73,0.44,0.1,0.0,55.48999,55.53999,55.69,55.47,0.2000122,55.57,0.0,0.009180069,0.0,5.0,3.0,2391.0,87.0,0.0,-0.01000977,0.0,14.1,9.0,25.5,1.401341576133266,-0.6651661382509214,278.53938048267645,-133.95446977057586,2.0139703304612966,15.511944444444445
138.0,63876.9,52.5536593,-1.4661898999999998,55.865,115.093,92.78,0.45,0.1,0.0,55.55,55.51999,55.56999,55.39,0.0,55.51,-0.01938009,0.009180069,0.0,5.0,3.0,2460.0,87.0,0.0,-0.01000977,0.0,14.0,9.0,40.0,1.4053471062208613,-0.6581033302527333,279.9447275888973,-134.6125731008286,2.0087517959978336,15.518055555555556
138.0,63877.0,52.5536535,-1.4661693,55.48,115.032,92.82,0.45,0.1,0.0,55.349990000000005,55.25,55.48,55.28999,0.0,55.41,-0.009180069,0.0,0.0,5.0,3.0,2623.0,87.0,0.0,-0.01000977,0.0,14.1,9.0,42.5,1.396357027379017,-0.6520816734730083,281.3410846162763,-135.26465477430162,2.007687145154117,15.41111111111111
138.0,63877.1,52.553647700000006,-1.4661489,55.174,114.938,92.86,0.45,0.1,0.0,55.28,55.28,55.41,55.08,0.0,55.27,0.0,0.0,0.0,5.0,3.0,2666.0,87.0,0.0,-0.01000977,0.0,14.1,9.0,43.0,1.3897174601957873,-0.646206003321081,282.7308020764721,-135.9108607776227,2.0060465356572426,15.32611111111111
138.0,63877.2,52.5536418,-1.4661284,55.231,115.002,92.92,0.46,0.1,0.0,55.209990000000005,55.23,55.2,54.91,0.1000061,55.23,0.009180069,-0.009180069,0.0,5.0,3.0,2611.0,87.0,0.0,-0.01000977,0.0,14.1,9.0,43.5,1.390429738298895,-0.6484271248322853,284.121231814771,-136.559287902455,2.0071635463785187,15.341944444444444
138.0,63877.3,52.553636,-1.4661079,55.21,115.008,92.96,0.46,0.1,0.0,55.209990000000005,55.209990000000005,55.23,54.81999,0.3000183,55.18,0.01937985,-0.009180069,0.0,5.0,3.0,2510.0,87.0,0.0,-0.01000977,0.0,14.1,9.0,44.0,1.389833182429832,-0.6483261256037905,285.51106499720083,-137.2076140280588,2.0072682661336385,15.33611111111111
138.0,63877.4,52.55363020000001,-1.4660874,55.195,115.06,93.0,0.46,0.1,0.0,55.26999,55.23999,55.22,54.98,0.0,55.21,0.02957988,0.0,0.0,5.0,3.0,2375.0,87.0,0.0,-0.01000977,0.0,14.2,9.0,45.5,1.3888667643553938,-0.6494107447096082,286.8999317615562,-137.8570247727684,2.0081758373446754,15.331944444444444
138.0,63877.5,52.5536243,-1.4660668,55.354,115.013,93.04,0.45,0.1,0.0,55.28999,55.25,55.33,55.12999,0.1000061,55.27,0.02957988,0.0,0.0,4.0,3.0,2226.0,87.0,0.0,-0.01000977,0.0,14.2,9.0,47.5,1.3934014475088872,-0.6501387045027267,288.2933332090651,-138.50716347727112,2.0073555325962382,15.376111111111111
138.0,63877.6,52.5536185,-1.4660463,55.199,114.973,93.09,0.46,0.1,0.0,55.34,55.3,55.36,55.14,0.0,55.28,0.02957988,0.0,0.0,4.0,3.0,2293.0,87.0,0.0,-0.01000977,0.0,14.2,9.0,48.5,1.389951974784542,-0.647348001070586,289.68328518384965,-139.1545114783417,2.0066574008954405,15.333055555555555
138.0,63877.7,52.5536127,-1.4660258,55.199,114.818,93.13,0.45,0.1,0.0,55.33,55.34,55.34,55.099990000000005,0.0,55.41,0.02957988,0.0,0.0,4.0,3.0,2509.0,87.0,0.0,-0.01000977,0.0,14.0,9.0,49.0,1.3916981313898855,-0.6435854549191058,291.07498331523954,-139.7980969332608,2.003952140554849,15.333055555555555
138.0,63877.8,52.5536069,-1.4660053,55.346,114.819,93.17,0.45,0.1,0.0,55.61,55.66,55.42,55.14,0.0,55.57,0.05915999,-0.009180069,0.0,4.0,3.0,2689.0,87.0,0.0,-0.01000977,0.0,14.1,9.0,49.0,1.3953930883526444,-0.6453237363189744,292.4703764035922,-140.44342066957978,2.003969593847369,15.373888888888887
138.0,63877.9,52.5536011,-1.4659847,55.382,114.778,93.22,0.45,0.1,0.0,55.87,55.83,55.67,55.33,0.0,55.74,0.08976007,-0.009180069,0.0,4.0,3.0,2742.0,87.0,0.0,-0.01000977,0.0,14.1,9.0,49.0,1.3967624535006324,-0.644744152317556,293.8671388570928,-141.08816482189732,2.003254008854052,15.383888888888889
138.0,63878.0,52.5535953,-1.465964,55.63399999999999,114.796,93.26,0.45,0.1,0.0,56.17,56.11,55.91,55.75,-0.1000061,56.02,0.09995985,-0.009180069,0.0,4.0,3.0,2722.0,87.0,0.0,-0.01000977,0.0,14.1,9.0,49.0,1.4029144795444657,-0.6481186473059662,295.27005333663726,-141.7362834692033,2.003568168119411,15.453888888888887
138.0,63878.1,52.5535894,-1.4659431,56.092,114.796,93.3,0.45,0.1,0.0,56.37,56.39999,56.33,56.099990000000005,0.0,56.35,0.1193398999999999,-0.009180069,0.0,4.0,3.0,2689.0,87.0,0.0,-0.01000977,0.0,14.1,9.0,49.0,1.4144637988749356,-0.6534542036288288,296.6845171355122,-142.38973767283213,2.003568168119411,15.58111111111111
138.0,63878.2,52.5535836,-1.4659222,56.113,114.783,93.35,0.46,0.1,0.0,56.73999,56.72,56.62999,56.42,-0.1000061,56.68,0.1193398999999999,-0.01938009,0.0,4.0,3.0,2618.0,87.0,0.0,-0.01000977,0.0,14.1,9.0,49.5,1.4151416359581568,-0.6533777784097397,298.09965877147033,-143.04311545124187,2.0033412753166515,15.586944444444445
138.0,63878.3,52.5535776,-1.4659011,56.758,114.639,93.4,0.46,0.1,0.0,57.03999,57.00999,57.03,56.72,-0.2999877999999999,56.98,0.12954,-0.01938009,0.0,4.0,3.0,2565.0,87.0,0.0,-0.01000977,0.0,14.1,9.0,49.5,1.4330646820566362,-0.6572885307997737,299.53272345352696,-143.70040398204165,2.0008280011937796,15.766111111111112
138.0,63878.4,52.553571600000005,-1.4658798,57.085,114.796,93.44,0.46,0.1,0.0,57.39999,57.42,57.31,56.92,-0.6000061,57.37,0.1193398999999999,-0.03978014,0.0,4.0,3.0,2550.0,87.0,0.0,-0.01000977,0.0,14.1,9.0,50.0,1.439504135327243,-0.6650223421192272,300.9722275888542,-144.36542632416086,2.003568168119411,15.856944444444444
138.0,63878.5,52.5535656,-1.4658586,57.168,114.999,93.49,0.46,0.1,0.0,57.81,57.81,57.55,57.23999,-0.3999939,57.67,0.12954,-0.02958012,0.0,4.0,3.0,2510.0,87.0,0.0,-0.01000977,0.0,14.1,9.0,50.0,1.439228478810267,-0.6710926804708011,302.41145606766446,-145.03651900463166,2.0071111865009588,15.879999999999999
138.0,63878.6,52.5535595,-1.4658372,57.658,114.946,93.53,0.45,0.1,0.0,58.12999,58.11,57.92999,57.50999,-0.6000061,57.95,0.1193398999999999,-0.02958012,0.0,4.0,3.0,2496.0,87.0,0.0,-0.01000977,0.0,14.1,9.0,51.0,1.4521899120723942,-0.6755017472292282,303.8636459797369,-145.71202075186088,2.006186161997402,16.016111111111112
138.0,63878.7,52.553553400000006,-1.4658157,57.946000000000005,114.909,93.57,0.45,0.1,0.0,58.5,58.459990000000005,58.19,57.89999,-0.6000061,58.21,0.1091398999999999,-0.01938009,0.0,4.0,3.0,2507.0,87.0,0.0,-0.01000977,0.0,14.1,9.0,52.0,1.459881652175575,-0.6779332494084206,305.32352763191244,-146.3899540012693,2.0055403901741644,16.096111111111114
138.0,63878.8,52.5535473,-1.4657941,58.01,115.082,93.62,0.46,0.1,0.0,58.61,58.62,58.55,58.36,-0.6999816999999999,58.6,0.1193398999999999,-0.01938009,0.0,4.0,3.0,2532.0,87.0,0.0,-0.01000977,0.0,14.1,9.0,52.5,1.4594381724778107,-0.683091774177669,306.78296580439024,-147.07304577544699,2.008559809780114,16.113888888888887
138.0,63878.9,52.5535411,-1.4657724,58.572,115.069,93.67,0.46,0.1,0.0,58.87,58.87999,58.98,58.69,-0.7999878,58.83,0.12954,-0.02958012,0.0,4.0,3.0,2557.0,87.0,0.0,-0.01000977,0.0,14.1,9.0,52.5,1.4737336395563805,-0.6893751951150439,308.2566994439466,-147.76242097056203,2.008332916977355,16.27
138.0,63879.0,52.5535348,-1.4657505,58.961000000000006,115.065,93.72,0.47,0.1,0.0,59.25999,59.25,59.23999,58.95,-0.7999878,59.17,0.1193398999999999,-0.02958012,0.0,4.0,3.0,2559.0,87.0,0.0,-0.01000977,0.0,14.1,9.0,52.5,1.483569735603269,-0.693850039569566,309.7402691795499,-148.4562710101316,2.008263103807275,16.378055555555555
138.0,63879.1,52.5535285,-1.4657286,59.033,115.199,93.77,0.48,0.1,0.0,59.61,59.58,59.55,59.17999,-0.6000061,59.53,0.1193398999999999,-0.02958012,0.0,4.0,3.0,2576.0,87.0,0.0,-0.01000977,0.0,14.1,9.0,52.5,1.4837526130306449,-0.6981693514868708,311.2240217925805,-149.15444036161847,2.0106018450049477,16.398055555555555
138.0,63879.2,52.5535222,-1.4657066,59.407,115.344,93.81,0.47,0.1,0.0,59.95,59.89,59.91,59.47,-0.6999816999999999,59.92,0.12954,-0.02958012,0.0,4.0,3.0,2574.0,87.0,0.0,-0.2400208,0.0,14.1,9.0,52.5,1.4913699880781484,-0.7063690700583463,312.71539178065865,-149.8608094316768,2.0131325724203393,16.501944444444444
138.0,63879.3,52.5535158,-1.4656844,59.868,115.223,93.86,0.47,0.1,0.0,60.3,60.28999,60.2,59.73999,-0.7999878,60.24,0.12954,-0.02958012,0.0,4.0,3.0,2565.0,87.0,0.0,-0.01000977,0.0,14.1,9.0,52.5,1.5044430291194564,-0.7086749410934989,314.2198348097781,-150.56948437277032,2.0110207240254265,16.63
138.0,63879.4,52.5535093,-1.4656622,60.023,115.475,93.9,0.47,0.1,0.0,60.62999,60.64999,60.47,60.03999,-0.7999878,60.59,0.12954,-0.02958012,0.0,4.0,3.0,2571.0,87.0,0.0,-0.01000977,0.0,14.1,9.0,52.5,1.5051985122118645,-0.7171368449756366,315.72503332198994,-151.28662121774596,2.015418953740452,16.673055555555557
138.0,63879.5,52.5535028,-1.4656398000000002,60.451,115.384,93.95,0.47,0.1,0.0,60.959990000000005,60.97,60.84,60.39999,-0.6999816999999999,60.89,0.12954,-0.02958012,0.0,4.0,3.0,2566.0,87.0,0.0,-0.01000977,0.0,14.1,9.0,4.5,1.517076682168966,-0.719841873380736,317.2421100041589,-152.0064630911267,2.0138307041211374,16.791944444444443
138.0,63879.6,52.5534962,-1.4656173,60.818000000000005,115.57,94.0,0.48,0.1,0.0,61.34,61.31,61.19,60.709990000000005,-0.6000061,61.18,0.12954,-0.02958012,0.0,5.0,3.0,2531.0,87.0,0.0,-0.01000977,0.0,14.1,9.0,0.0,1.5239278474997031,-0.7291630363068033,318.7660378516586,-152.7356261274335,2.0170770165298464,16.89388888888889
138.0,63879.7,52.553489600000006,-1.4655947,61.15,115.655,94.04,0.47,0.1,0.0,61.25999,61.22,61.37999,61.05,-0.6000061,61.26,0.1091398999999999,-0.01938009,0.0,5.0,3.0,2436.0,87.0,0.0,-0.01000977,0.0,14.1,9.0,0.0,1.5311575067898797,-0.7354157981653122,320.2971953584485,-153.47104192559883,2.018560546394042,16.98611111111111
138.0,63879.8,52.55348289999999,-1.4655721,61.402,115.804,94.09,0.48,0.1,0.0,60.26999,60.19,61.14,60.75999,-0.5,60.73,0.02957988,-0.01938009,0.0,5.0,3.0,2461.0,87.0,0.0,28.97,1.0,14.0,9.0,0.0,1.5355418715438383,-0.7424422018455884,321.83273722999235,-154.21348412744442,2.0211610869795136,17.05611111111111
138.0,63879.9,52.55347630000001,-1.4655494,61.348,115.7,94.14,0.47,0.1,0.0,58.73,58.75999,59.33,58.7,-0.1999817,59.1,-0.2499001,0.0,0.0,5.0,3.0,2392.0,87.0,0.0,48.67999,1.0,14.1,9.0,0.0,1.5355353640018798,-0.7390032644799075,323.3682725939942,-154.95248739192434,2.0193459445574393,17.04111111111111
138.0,63880.0,52.5534698,-1.4655273000000002,60.098,115.864,94.18,0.47,0.1,0.0,56.42999,56.56999,56.56,55.62999,0.2000122,56.7,-0.5497801,0.0,0.0,5.0,3.0,2298.0,87.0,0.0,58.17999,1.0,14.1,9.0,0.0,1.5021696295240055,-0.7282483549458875,324.87044222351824,-155.68073574687023,2.02220828453071,16.69388888888889
138.0,63880.1,52.55346350000001,-1.4655063000000002,57.514,116.088,94.22,0.46,0.1,0.0,54.72,54.58,54.67999,54.48,0.3000183,54.89,-0.67014,0.01937985,0.0,5.0,3.0,2201.0,87.0,0.0,36.57001,1.0,14.1,9.0,0.0,1.4348460065688626,-0.7025512079407925,326.3052882300871,-156.383286954811,2.026117822055177,15.976111111111111
138.0,63880.2,52.5534576,-1.4654861,54.832,115.888,94.26,0.45,0.1,0.0,54.23,54.19,54.05,53.59,-0.1999817,54.44,-0.4294199999999999,-0.009180069,0.0,5.0,3.0,2139.0,87.0,0.0,-0.7200012,1.0,14.1,9.0,0.0,1.3702657577773047,-0.6650106840142591,327.6755539878644,-157.04829763882526,2.0226271635511885,15.231111111111112
138.0,63880.3,52.55345179999999,-1.4654664,53.554,115.72,94.29,0.44,0.1,0.0,53.78,53.66,53.44,53.14999,-0.7999878,53.8,-0.16014,0.0,0.0,5.0,3.0,2097.0,87.0,0.0,-0.01000977,0.0,14.0,9.0,0.0,1.3402269192346923,-0.645583939437716,329.0157809070991,-157.693881578263,2.019695010407838,14.876111111111111
138.0,63880.4,52.553446,-1.4654466,53.698,115.544,94.32,0.42,0.1,0.0,53.45,53.3,53.50999,53.17999,-1.0,53.43,-0.04997993,-0.03978014,0.0,5.0,3.0,2011.0,87.0,0.0,-0.2400208,0.0,14.1,9.0,0.0,1.345812702182677,-0.6431888349729689,330.3615936092818,-158.33707041323595,2.016623230924328,14.91611111111111
138.0,63880.5,52.5534402,-1.4654269,53.467,115.803,94.35,0.41,0.1,0.0,53.23999,53.01999,53.34,53.01999,-1.100006,53.21,-0.01938009,-0.03978014,0.0,5.0,3.0,1929.0,87.0,0.0,-0.01000977,0.0,14.1,9.0,0.0,1.3371145901106372,-0.6464728228795893,331.6987081993924,-158.98354323611554,2.0211436336869935,14.851944444444444
138.0,63880.6,52.5534344,-1.4654073,53.266000000000005,115.921,94.38,0.4,0.1,0.0,53.09,52.91,53.23999,52.81,-1.299988,53.02,-0.009180069,-0.04997993,0.0,5.0,3.0,1826.0,87.0,0.0,-0.01000977,0.0,14.1,9.0,0.5,1.3307587152916516,-0.6467845713982132,333.02946691468406,-159.63032780751374,2.0232031222043467,14.796111111111113
138.0,63880.7,52.5534285,-1.4653878,53.302,116.202,94.41,0.39,0.1,0.0,52.98,52.849990000000005,53.12,52.61,-1.100006,52.89,-0.01938009,-0.02958012,0.0,5.0,3.0,1699.0,87.0,0.0,-0.01000977,0.0,14.1,9.0,7.5,1.328467892486616,-0.6537448439397808,334.3579348071707,-160.28407265145353,2.0281074974024507,14.806111111111111
138.0,63880.8,52.553422700000006,-1.4653683,53.014,116.065,94.44,0.38,0.1,0.0,52.91,52.76999,52.92,52.42,-1.600006,52.8,-0.009180069,-0.04997993,0.0,5.0,3.0,1648.0,87.0,0.0,-0.01000977,0.0,14.2,9.0,18.0,1.3228408941167775,-0.6470513530008463,335.6807757012875,-160.93112400445438,2.0257163963272187,14.726111111111111
138.0,63880.9,52.5534169,-1.4653489,52.88399999999999,116.241,94.47,0.37,0.1,0.0,52.83,52.62,52.86,52.47,-2.0,52.71,-0.009180069,-0.05915999,0.0,5.0,3.0,1718.0,87.0,0.0,-0.01000977,0.0,14.1,9.0,22.5,1.3176080991636216,-0.6495151245494035,336.9983838004511,-161.58063912900377,2.0287881758107287,14.689999999999998
138.0,63881.0,52.553411,-1.4653295,52.787,116.373,94.5,0.36,0.1,0.0,52.78,52.5,52.83,52.41,-2.199982,52.65,0.0,-0.06936002,0.0,5.0,3.0,1746.0,87.0,0.0,-0.01000977,0.0,14.1,9.0,27.5,1.3136942184860987,-0.651352041962935,338.3120780189372,-162.2319911709667,2.0310920104233614,14.663055555555555
138.0,63881.1,52.5534051,-1.4653103,52.646,116.687,94.53,0.35,0.1,0.0,52.8,52.599990000000005,52.75999,52.31,-2.299988,52.61,0.0,-0.06936002,0.0,5.0,3.0,1773.0,87.0,0.0,-0.01000977,0.0,14.1,9.0,30.0,1.306605444833341,-0.6567826686793325,339.61868346377054,-162.88877383964603,2.036572344274623,14.623888888888889
138.0,63881.2,52.5533991,-1.4652911000000002,52.582,116.937,94.55,0.34,0.1,0.0,52.66,52.48,52.81,52.19,-2.399994,52.73,0.009180069,-0.06936002,0.0,4.0,3.0,1933.0,87.0,0.0,-0.01000977,0.0,14.1,9.0,34.0,1.3021423628876432,-0.661672188228144,340.9208258266582,-163.5504460278742,2.040935667404609,14.606111111111112
138.0,63881.3,52.5533931,-1.465272,52.484,117.241,94.59,0.34,0.1,0.0,52.73999,52.55,52.64999,52.099990000000005,-2.600006,52.64,0.0397799,-0.05915999,0.0,4.0,3.0,2093.0,87.0,0.0,-0.01000977,0.0,14.1,9.0,37.5,1.296193051869742,-0.6673256960662339,342.21701887852794,-164.21777172394042,2.0462414683306718,14.578888888888889
138.0,63881.4,52.553387,-1.4652528000000002,52.823,117.519,94.62,0.35,0.1,0.0,53.03999,52.81999,53.00999,52.56999,-2.299988,52.83,0.05915999,-0.05915999,0.0,4.0,3.0,2174.0,87.0,0.0,-0.01000977,0.0,14.1,9.0,37.5,1.30129117557147,-0.6779578672336648,343.5183100540994,-164.89572959117407,2.0510934836512162,14.673055555555555
138.0,63881.5,52.5533808,-1.4652335,53.165,117.527,94.65,0.34,0.1,0.0,53.34,53.14999,53.19,52.7,-2.5,53.18,0.06936002,-0.06936002,0.0,4.0,3.0,2176.0,87.0,0.0,-0.01000977,0.0,14.1,9.0,37.5,1.309621036948838,-0.6825301374304317,344.82793109104824,-165.5782597286045,2.051233109991376,14.768055555555556
138.0,63881.6,52.5533747,-1.4652143,52.906000000000006,117.685,94.67,0.31,0.1,0.0,53.55,53.37999,53.50999,52.959990000000005,-2.600006,53.44,0.07956004,-0.05915999,0.0,4.0,3.0,2171.0,87.0,0.0,-0.01000977,0.0,14.1,9.0,37.5,1.3013631103803431,-0.6827963626458725,346.1292942014286,-166.26105609125037,2.053990730209527,14.696111111111112
138.0,63881.7,52.5533684,-1.4651951,53.316,118.127,94.69,0.3,0.1,0.0,53.78999,53.7,53.75999,53.23,-2.199982,53.75,0.09995985,-0.05915999,0.0,4.0,3.0,2201.0,87.0,0.0,-0.01000977,0.0,14.1,9.0,20.5,1.3061010220709148,-0.6981841591910489,347.4353952234995,-166.9592402504414,2.0617050855033416,14.81
138.0,63881.8,52.553362,-1.4651757,53.676,118.182,94.71,0.3,0.1,0.0,54.12,54.0,54.08,53.50999,-2.699982,54.0,0.09995985,-0.06936002,0.0,5.0,3.0,2173.0,87.0,0.0,-0.01000977,0.0,14.0,9.0,0.0,1.314244730376699,-0.7041603430164738,348.74963995387617,-167.66340059345788,2.0626650165919385,14.91
138.0,63881.9,52.5533556,-1.4651563,53.932,118.471,94.74,0.3,0.1,0.0,54.12999,53.84,54.12,53.75,-2.399994,53.81,0.05915999,-0.05915999,0.0,5.0,3.0,2259.0,87.0,0.0,-0.01000977,0.0,14.1,9.0,0.0,1.316927323894955,-0.7141703752000923,350.0665672777711,-168.37757096865798,2.067709018130202,14.981111111111112
138.0,63882.0,52.5533491,-1.4651369,54.068000000000005,118.854,94.77,0.3,0.1,0.0,53.28999,53.03,54.01999,53.56,-2.299988,53.6,0.01937985,-0.06936002,0.0,5.0,3.0,2368.0,87.0,0.0,21.37,1.0,14.1,9.0,0.0,1.3154327607421368,-0.7247805781988242,351.38200003851324,-169.1023515468568,2.0743936291653404,15.01888888888889
138.0,63882.1,52.5533425,-1.4651175,53.932,118.949,94.8,0.3,0.1,0.0,51.98,51.7,52.73999,51.97,-1.899994,52.19,-0.1897202,-0.04997993,0.0,5.0,3.0,2347.0,87.0,0.0,39.66,1.0,14.1,9.0,0.0,1.310923473572268,-0.7251320898097033,352.6929235120855,-169.8274836366665,2.076051691954735,14.981111111111112
138.0,63882.2,52.5533361,-1.4650986,53.122,119.235,94.83,0.3,0.1,0.0,49.94,49.849990000000005,50.31999,49.06999,-1.100006,50.32,-0.4804201,-0.009180069,0.0,5.0,3.0,2240.0,87.0,0.0,52.479980000000005,1.0,14.1,9.0,0.0,1.2876535195818928,-0.7206778508757798,353.9805770316674,-170.54816148754227,2.081043333615439,14.75611111111111
138.0,63882.3,52.5533298,-1.4650806,50.756,119.647,94.85,0.29,0.1,0.0,47.73,47.81,47.78999,47.459990000000005,-0.6000061,48.33,-0.6303601,0.0,0.0,5.0,3.0,2097.0,87.0,0.0,46.53998,1.0,14.1,9.0,0.0,1.2253195648573678,-0.6974085194418665,355.2058965965248,-171.24557000698414,2.0882340901336556,14.098888888888888
138.0,63882.4,52.5533239,-1.4650634000000002,48.395,119.532,94.88,0.29,0.1,0.0,47.06999,46.92,46.73,46.3,-0.8999939,47.0,-0.5701799,-0.01938009,0.0,5.0,3.0,1926.0,87.0,0.0,8.070007,1.0,14.1,9.0,0.0,1.1696541023744957,-0.6626210889309543,356.3755506988993,-171.9081910959151,2.0862269614938618,13.443055555555556
138.0,63882.5,52.5533183,-1.4650469999999998,46.361,119.515,94.89,0.27,0.1,0.0,46.64,46.39999,46.37,45.97,-1.5,46.71,-0.2397001,-0.02958012,0.0,5.0,3.0,1724.0,87.0,0.0,-0.2400208,0.0,14.1,9.0,0.0,1.1206828431505655,-0.634439212208481,357.4962335420499,-172.5426303081236,2.085930255521023,12.878055555555555
138.0,63882.6,52.5533127,-1.4650306,45.972,119.401,94.9,0.26,0.1,0.0,46.37999,46.3,46.25,45.83,-1.600006,46.42,-0.05915999,-0.03978014,0.0,5.0,3.0,1509.0,87.0,0.0,-0.2400208,0.0,14.2,9.0,0.0,1.1125290954395755,-0.6269035107577561,358.60876263748946,-173.16953381888135,2.083940580173749,12.77
138.0,63882.7,52.5533069,-1.4650141,46.285,119.448,94.91,0.24,0.1,0.0,46.08,45.87,46.19,45.83,-1.299988,46.06,-0.01938009,-0.05915999,0.0,5.0,3.0,1350.0,87.0,0.0,-0.2400208,0.0,14.1,9.0,0.0,1.1195856110177933,-0.6320903923310517,359.72834824850725,-173.8016242112124,2.084760884922187,12.856944444444443
138.0,63882.8,52.55330119999999,-1.4649978,46.055,120.07,94.94,0.24,0.1,0.0,45.89999,45.78,46.099990000000005,45.67999,-1.199982,45.72,-0.01938009,-0.04997993,0.0,5.0,3.0,1349.0,87.0,0.0,-0.01000977,0.0,14.1,9.0,6.5,1.1071288003671582,-0.6410058688287384,360.8354770488744,-174.44263008004114,2.095616832869591,12.793055555555554
138.0,63882.9,52.5532954,-1.4649815000000002,46.051,120.059,94.95,0.23,0.1,0.0,45.7,45.64,45.86,45.45,-1.100006,45.68,-0.02958012,-0.02958012,0.0,5.0,3.0,1413.0,87.0,0.0,-0.2400208,0.0,14.1,9.0,13.5,1.1071556764691826,-0.6407376489325391,361.94263272534357,-175.08336772897368,2.095424846651872,12.791944444444445
138.0,63883.0,52.5532896,-1.4649653,45.781000000000006,120.201,94.98,0.23,0.1,0.0,45.67,45.55,45.72,45.41,-1.100006,45.53,-0.01938009,-0.01938009,0.0,5.0,3.0,1581.0,87.0,0.0,-0.01000977,0.0,14.1,9.0,15.0,1.0990822992943947,-0.6397068542767157,363.04171502463794,-175.7230745832504,2.097903214189704,12.716944444444445
138.0,63883.1,52.5532839,-1.4649491,45.612,120.209,95.0,0.23,0.1,0.0,45.64999,45.53,45.73999,45.42999,-1.0,45.54,-0.009180069,-0.01938009,0.0,5.0,3.0,1685.0,87.0,0.0,-0.01000977,0.0,14.1,9.0,16.0,1.094936049589526,-0.6374982723970971,364.1366510742275,-176.3605728556475,2.0980428405298635,12.67
138.0,63883.2,52.5532782,-1.464933,45.569,120.243,95.02,0.22,0.1,0.0,45.62999,45.53999,45.50999,45.099990000000005,-1.0,45.47,0.0,-0.02958012,0.0,5.0,3.0,1658.0,87.0,0.0,-0.01000977,0.0,14.1,9.0,16.5,1.0935256807097966,-0.637546304281881,365.23017675493725,-176.99811915992936,2.0986362524755418,12.658055555555556
138.0,63883.3,52.5532724,-1.4649169,45.572,120.352,95.03,0.22,0.1,0.0,45.53,45.42,45.5,45.25999,-0.7999878,45.4,0.0,-0.02958012,0.0,5.0,3.0,1602.0,87.0,0.0,-0.01000977,0.0,14.1,9.0,16.5,1.0923827403080655,-0.6396675915578242,366.3225594952453,-177.63778675148717,2.1005386613602157,12.658888888888889
138.0,63883.4,52.5532666,-1.4649009,45.536,120.596,95.06,0.22,0.1,0.0,45.44,45.34,45.459990000000005,45.209990000000005,-0.6000061,45.42,0.009180069,-0.01938009,0.0,5.0,3.0,1582.0,87.0,0.0,-0.2400208,0.0,14.1,9.0,16.5,1.0887879748657003,-0.6438048205958192,367.41134747011097,-178.281591572083,2.104797264735082,12.648888888888889
138.0,63883.5,52.5532608,-1.4648848,45.562,120.492,95.07,0.21,0.1,0.0,45.48999,45.34,45.599990000000005,45.22,-0.6000061,45.49,0.009180069,-0.009180069,0.0,5.0,3.0,1584.0,87.0,0.0,-0.01000977,0.0,14.1,9.0,8.0,1.0905771169298661,-0.6421939244471581,368.50192458704083,-178.92378549653014,2.1029821223130076,12.65611111111111
138.0,63883.6,52.553255,-1.4648687,45.511,120.564,95.09,0.21,0.1,0.0,45.44,45.42,45.56999,45.27,-0.3999939,45.54,0.009180069,-0.009180069,0.0,5.0,3.0,1575.0,87.0,0.0,-0.01000977,0.0,14.1,9.0,0.0,1.088549413966694,-0.6428435009525759,369.5904740010075,-179.56662899748272,2.1042387593744434,12.641944444444444
138.0,63883.7,52.5532492,-1.4648527,45.529,120.71,95.11,0.21,0.1,0.0,45.48,45.48,45.48,45.349990000000005,-0.1000061,45.41,0.009180069,0.0,0.0,5.0,3.0,1597.0,87.0,0.0,-0.01000977,0.0,14.1,9.0,0.0,1.087337681811896,-0.645870577995758,370.6778116828194,-180.2124995754785,2.106786940082355,12.646944444444445
138.0,63883.8,52.5532434,-1.4648367,45.475,120.561,95.13,0.2,0.1,0.0,45.42,45.42999,45.48999,45.28,0.5,45.34,0.0,0.01937985,0.0,5.0,3.0,1628.0,87.0,0.0,0.2299804999999999,0.0,14.1,9.0,0.0,1.0877219833604417,-0.6422780483480158,371.76553366617986,-180.8547776238265,2.104186399496884,12.631944444444445
138.0,63883.9,52.5532376,-1.4648206,45.504,120.692,95.14,0.2,0.1,0.0,44.849990000000005,44.87,45.34,45.12,1.100006,45.19,0.0,0.009180069,0.0,5.0,3.0,1654.0,87.0,0.0,12.34,1.0,14.0,9.0,0.0,1.0869433652460239,-0.645174488605717,372.8524770314259,-181.4999521124322,2.106472780816996,12.639999999999999
138.0,63884.0,52.5532319,-1.4648046,45.45399999999999,120.566,95.17,0.2,0.1,0.0,44.3,44.39999,44.67,44.56999,0.8999939,44.49,-0.08976007,0.01937985,0.0,5.0,3.0,1651.0,87.0,0.0,23.50998,1.0,14.1,9.0,0.0,1.0871636542499183,-0.6420763247303222,373.93964068567584,-182.1420284371625,2.1042736659594836,12.62611111111111
138.0,63884.1,52.5532262,-1.4647887,44.942,120.259,95.18,0.2,0.1,0.0,43.08,43.16,43.48999,43.28999,1.5,43.52,-0.2499001,0.04997993,0.0,5.0,3.0,1617.0,87.0,0.0,29.20999,1.0,14.1,9.0,0.0,1.0783038449234112,-0.6290752227870863,375.01794453059927,-182.7711036599496,2.0989155051558606,12.483888888888888
138.0,63884.2,52.5532207,-1.4647733,43.70399999999999,120.361,95.19,0.19,0.1,0.0,41.78,42.05,41.89999,41.91,2.399994,42.19,-0.34986,0.06936002,0.0,5.0,3.0,1558.0,87.0,0.0,32.53,1.0,14.1,9.0,0.0,1.0475095095705853,-0.6136121147428486,376.06545404016987,-183.38471577469244,2.100695740992895,12.139999999999997
138.0,63884.3,52.5532155,-1.4647584,42.235,120.103,95.22,0.19,0.1,0.0,40.22,40.61,40.39,40.48,2.700012,40.69,-0.4202399,0.06936002,0.0,5.0,3.0,1515.0,87.0,0.0,34.669979999999995,1.0,14.1,9.0,0.0,1.0149600318635088,-0.5884227546542825,377.08041407203336,-183.97313852934673,2.0961927915227494,11.731944444444444
138.0,63884.4,52.5532104,-1.4647438999999998,40.889,119.957,95.23,0.18,0.1,0.0,38.55,39.06999,38.959990000000005,38.91,2.600006,39.25,-0.4396199999999999,0.06936002,0.0,5.0,3.0,1446.0,87.0,0.0,28.97,1.0,14.1,9.0,0.0,0.9840623940721352,-0.5671644070319308,378.0644764661055,-184.54030293637865,2.0936446108148377,11.358055555555556
138.0,63884.5,52.5532056,-1.46473,39.265,119.566,95.24,0.18,0.1,0.0,38.39999,38.48,38.0,38.12,2.700012,38.32,-0.37026,0.0397799,0.0,4.0,3.0,1394.0,87.0,0.0,4.73999,1.0,14.1,9.0,0.0,0.9486728166334869,-0.5381767907692248,379.01314928273894,-185.07847972714788,2.08682037343954,10.906944444444445
138.0,63884.6,52.5532011,-1.4647165000000002,37.724,118.983,95.26,0.19,0.1,0.0,37.709990000000005,37.92,37.62,37.72,2.5,38.02,-0.16014,0.04997993,0.0,4.0,3.0,1370.0,87.0,0.0,-0.2400208,1.0,14.1,9.0,0.0,0.9166549673012666,-0.507754659632685,379.9298042500402,-185.58623438678057,2.0766451039004132,10.478888888888887
138.0,63884.7,52.5531965,-1.4647028999999998,38.038,118.799,95.26,0.16,0.1,0.0,37.50999,37.87999,37.349990000000005,37.56,2.600006,37.67,-0.05915999,0.0397799,0.0,4.0,3.0,1335.0,87.0,0.0,-0.2400208,1.0,14.1,9.0,0.0,0.9259242589188604,-0.5090101245250588,380.8557285089591,-186.09524451130562,2.0734336980767436,10.56611111111111
138.0,63884.8,52.5531921,-1.4646893,37.53,118.175,95.28,0.17,0.1,0.0,37.47,37.50999,37.41,37.53,2.600006,37.51,-0.02958012,0.0397799,0.0,4.0,3.0,1282.0,87.0,0.0,-0.01000977,0.0,14.2,9.0,0.0,0.9189737135194709,-0.49223324131983787,381.77470222247854,-186.58747775262546,2.062542843544299,10.425
138.0,63884.9,52.5531876,-1.4646757,37.717,118.558,95.29,0.16,0.1,0.0,37.2,37.55,37.39,37.42,2.600006,37.3,-0.01938009,0.0397799,0.0,4.0,3.0,1267.0,87.0,0.0,-0.02999878,0.0,13.9,9.0,0.0,0.9202252739129495,-0.5008483744324124,382.6949274963915,-187.08832612705788,2.0692274545794374,10.476944444444444
138.0,63885.0,52.55318320000001,-1.4646623,37.199,118.154,95.3,0.15,0.1,0.0,37.08,37.25999,37.03999,37.25999,2.399994,37.25,-0.01938009,0.04997993,0.0,4.0,3.0,1297.0,87.0,0.0,1.869995,1.0,14.1,9.0,0.0,0.9110474834160462,-0.4875580520340774,383.6059749798075,-187.57588417909196,2.06217632440138,10.333055555555555
138.0,63885.1,52.553179,-1.4646487,37.39,117.308,95.31,0.14,0.1,0.0,36.8,37.14999,37.02,37.099990000000005,3.300018,36.91,-0.02958012,0.06936002,0.0,4.0,3.0,1305.0,87.0,0.0,4.25,1.0,14.1,9.0,0.0,0.9228612101667523,-0.47648738377108607,384.52883618997424,-188.05237156286304,2.0474108389295083,10.386111111111111
138.0,63885.2,52.553174600000006,-1.4646352,37.152,117.795,95.34,0.17,0.1,0.0,36.45,36.78999,36.599990000000005,36.89,3.800018,36.77,-0.04997993,0.09995985,0.0,4.0,3.0,1307.0,87.0,0.0,5.669983,1.0,14.1,9.0,0.0,0.9129295652553954,-0.48123134652949945,385.44176575522965,-188.53360290939256,2.0559105923867205,10.32
138.0,63885.3,52.5531704,-1.4646218,36.979,117.109,95.34,0.15,0.1,0.0,35.98999,36.37,36.41,36.53999,4.100006,36.32,-0.07956004,0.08976007,0.0,4.0,3.0,1305.0,87.0,0.0,13.26999,1.0,14.0,9.0,0.0,0.9143481332140887,-0.46807682914820925,386.35611388844376,-189.00167973854076,2.0439376337180395,10.271944444444443
138.0,63885.4,52.5531664,-1.4646084,36.497,116.157,95.35,0.14,0.1,0.0,35.209990000000005,35.64,35.349990000000005,35.679990000000004,5.0,35.67,-0.16014,0.1091398999999999,0.0,4.0,3.0,1285.0,87.0,0.0,20.87,1.0,14.0,9.0,0.0,0.9099811845855336,-0.4469182790797637,387.2660950730293,-189.44859801762053,2.0273220992390533,10.138055555555555
138.0,63885.5,52.5531625,-1.4645952,35.856,116.161,95.36,0.14,0.1,0.0,34.23,34.709990000000005,34.28,34.679990000000004,5.399994,34.62,-0.2397001,0.1091398999999999,0.0,4.0,3.0,1283.0,87.0,0.0,23.25,1.0,14.1,9.0,0.0,0.893968450550823,-0.43913142613545797,388.1600635235801,-189.88772944375597,2.0273919124091333,9.96
138.0,63885.6,52.553158800000006,-1.4645823,34.861999999999995,115.249,95.38,0.14,0.1,0.0,33.23,33.66,33.44,33.819990000000004,5.700012,33.8,-0.27948,0.08976007,0.0,4.0,3.0,1268.0,87.0,0.0,23.25,1.0,13.9,9.0,0.0,0.8758715229063502,-0.41306914128892214,389.03593504648643,-190.3007985850449,2.0114745096309448,9.683888888888887
138.0,63885.7,52.5531553,-1.4645698,33.757,114.868,95.39,0.14,0.1,0.0,32.069990000000004,32.64,32.28999,32.62999,5.300018,32.64,-0.29988,0.08976007,0.0,4.0,3.0,1259.0,87.0,0.0,21.82001,1.0,14.0,9.0,0.0,0.8507504999641724,-0.39432785591774544,389.8866855464506,-190.69512644096264,2.004824805180846,9.376944444444444
138.0,63885.8,52.553152,-1.4645577,32.508,114.144,95.4,0.14,0.1,0.0,31.25999,31.84,31.289990000000003,31.81,5.5,31.71,-0.28968,0.1091398999999999,0.0,4.0,3.0,1261.0,87.0,0.0,17.07001,1.0,14.0,9.0,0.0,0.8240058605311313,-0.3693553056480305,390.71069140698177,-191.06448174661068,1.9921886213964075,9.030000000000001
138.0,63885.9,52.5531489,-1.4645459,31.514,113.425,95.4,0.12,0.1,0.0,30.3,30.84999,30.48999,30.81,6.0,30.81,-0.2601001,0.09995985,0.0,4.0,3.0,1258.0,87.0,0.0,15.64999,1.0,14.1,9.0,0.0,0.8032404307872207,-0.3480093635793199,391.513931837769,-191.41249111019,1.9796397040745681,8.753888888888888
